date,mySMB,SMB,myHML,HML,myRMW,RMW,myCMA,CMA
19650730,0.016777916472897357,0.010700000000000001,0.019751867733477826,0.021400000000000002,0.0011294948966753399,-0.0137,-0.018715773966777594,0.0003
19650831,0.031312626515920094,0.0271,-0.016584122083610466,-0.0102,0.021548407218819017,0.019,-0.029454861566632122,-0.0074
19650930,0.0033040459879046732,0.0062,0.022658984674045528,-0.0012,0.019105387792506104,-0.0089,-0.02780576186204581,0.008
19651029,0.03314205280092768,0.0347,0.02679944316525918,0.015700000000000002,0.019725250067403388,0.011699999999999999,-0.022092330109386646,-0.006500000000000001
19651130,0.04724241031776496,0.0518,-0.012890901236894835,0.001,-0.0066550215942825924,-0.0101,-0.04682572031368358,-0.009399999999999999
19651231,0.02873146072355654,0.026600000000000002,0.04507787227283347,0.0202,-0.010027691766496625,-0.011399999999999999,-0.00025833331975185295,-0.0053
19660131,0.04770983448042909,0.0467,0.02932605449356844,0.0353,-0.012354698373444026,-0.0282,-0.0013313286270091318,-0.0011
19660228,0.035674168181274925,0.0471,0.008943959601886285,0.0029,0.0023023704063847884,-0.0017000000000000001,-0.019296602875336757,-0.0149
19660331,0.003398917566233558,0.0032,-0.015340676565072642,-0.02,0.0019613355824943737,0.013000000000000001,-0.008514488597984742,0.0006
19660429,0.021824546832326326,0.0334,-0.003373105449300435,-0.004699999999999999,0.01564206877965371,0.0039000000000000003,-0.009593906149359156,-0.0095
19660531,-0.03318299940130536,-0.051,-0.027136077764038702,-0.0161,0.0016686762853317522,0.016399999999999998,0.022149091579191774,-0.0152
19660630,0.01506892429270651,0.0137,0.0065082463849518175,0.0049,0.004342795618027737,0.0015,-0.0038417445960823512,0.0078000000000000005
19660729,0.0014458266839328816,-0.0048,0.010750913197054231,0.009899999999999999,0.0017361589661153004,-0.004,0.002960133874313743,0.0182
19660831,-0.029054961201890356,-0.031400000000000004,0.007962368089835692,0.0044,0.001887294870249412,-0.0012,0.005542999583584285,0.0079
19660930,-0.012323448660761582,-0.011399999999999999,-0.00454525221789746,0.0051,0.0004120167774061094,-0.0179,0.010214380385351702,0.0233
19661031,-0.044313423338184554,-0.0645,0.019923347311015138,0.0268,-0.025250377994799636,-0.0348,0.019338555495515754,0.0424
19661130,0.02359691767344189,0.0347,-0.04539188978148651,-0.04769999999999999,0.0488842002954685,0.0415,-0.10416962729888296,-0.0669
19661230,0.018184930762228237,0.0216,-0.008517335096217875,-0.0132,0.008530739503358526,0.0064,-0.009101721907432648,-0.0045000000000000005
19670131,0.08418184929926588,0.0907,0.024771196373921167,0.0225,-0.0012296803872124118,0.009300000000000001,-0.003566421799607089,-0.0313
19670228,0.016467888657965578,0.0305,-0.012410800016535585,-0.0218,0.026490371609146142,0.020499999999999997,-0.02444569491494947,-0.0096
19670331,0.022182476412937552,0.0173,0.0038186142886720356,0.0054,0.017184790902745703,0.0098,-0.028519976958569712,-0.014499999999999999
19670428,-0.0035423873619936583,0.0042,-0.024141736692511198,-0.0245,0.03100164371219641,0.023799999999999998,-0.006076713875595878,-0.0364
19670531,0.029829289489347766,0.0219,0.007534589322766322,0.0118,-0.013356933912960445,-0.017,-0.006060973841436116,0.0181
19670630,0.04778121438277265,0.0641,0.0002155462538460176,0.0085,0.005287188866941218,-0.0064,-0.038289895090582865,-0.0241
19670731,0.0334111097263407,0.0352,0.025575069461365355,0.027200000000000002,-0.0023989499857064167,0.0052,0.015806549231834652,0.027000000000000003
19670831,0.00567712803349059,0.0067,0.02829305204968511,0.0152,0.0017111649908455868,0.0036,0.004249443452457957,0.014499999999999999
19670929,0.011189714265087934,0.0242,-0.0035869175607571094,-0.0242,0.024535945783654464,0.0023,-0.02904362439092263,-0.0095
19671031,-0.002287566755760754,0.004699999999999999,-0.02762589618357691,-0.0322,0.03827216048055615,0.010700000000000001,-0.04069257722996093,-0.0262
19671130,-2.7855364430815627e-05,-0.0006,-0.008756410067621005,-0.0169,0.017388022017824484,0.013500000000000002,-0.0323683228612079,-0.023399999999999997
19671229,0.04161999223322037,0.057800000000000004,0.008932963304270236,-0.0063,-0.019603341299677245,-0.008199999999999999,-0.01928008133103009,0.0013
19680131,0.0484168693856236,0.044800000000000006,0.03285876893211424,0.0484,-0.02921031676228466,-0.045899999999999996,0.04687585647821024,0.0646
19680229,-0.018642347623094194,-0.0292,0.009081595038010877,0.013300000000000001,0.0017283757091142993,-0.0014000000000000002,0.0228112724710789,0.0245
19680329,-0.017460110579276163,-0.016,-0.004038025022527127,-0.0059,0.01296787645926099,0.0106,-0.016355767968333133,-0.011000000000000001
19680430,0.048035700230421266,0.061799999999999994,-0.009259767521846762,-0.011699999999999999,0.016637603009340696,0.027000000000000003,-0.02811370372142083,-0.0365
19680531,0.06377865545600657,0.071,-0.0015037271048310846,0.0066,0.012214077331881484,0.0031,-0.029618733100013374,-0.0192
19680628,0.0001301785660172347,-0.0036,0.007300351639288027,0.0083,-0.017708112949402728,-0.0131,0.025021153680492923,0.0276
19680730,-0.013897234157398977,-0.014199999999999999,0.05662874983288368,0.053899999999999997,-0.002125738331071894,-0.031400000000000004,0.010845999210058997,0.0364
19680830,0.02482921357995111,0.0226,0.01675795550212103,0.01,0.012970238940976993,-0.006999999999999999,-0.010159314237593548,0.0045000000000000005
19680930,0.029045817872631136,0.028399999999999998,0.003183426935321851,0.003,-0.01388353689451556,-0.0199,-0.019886045015935216,0.0088
19681031,0.0029838812860372432,-0.0038,0.02751848135890382,0.0286,0.0038687337403575973,-0.0132,0.0014254386997651879,0.0253
19681129,0.022233834798793317,0.0241,0.0006260826862921343,-0.009300000000000001,0.004838547202649229,0.0043,-0.0466488552871557,-0.0226
19681231,0.03670393523262437,0.0356,-0.017751930143315015,-0.0001,-0.031112585879521287,-0.018600000000000002,0.006682874637023812,0.017
19690131,-0.0010740575924807119,-0.0045000000000000005,0.004866115268912799,0.0168,-0.01678660723572834,-0.0155,0.00882805391503503,0.0137
19690228,-0.03973361649108694,-0.0417,0.012917624380800005,0.009000000000000001,0.029699656165238827,0.0207,0.022137779546639938,0.0078000000000000005
19690328,-0.012956466466487546,-0.0042,-0.005220343747337951,-0.0052,0.01733668271735034,-0.014199999999999999,-0.018034748023862908,-0.0046
19690430,-0.014274606170712585,-0.0083,0.004883731448000342,-0.0003,0.005612888752287885,0.0040999999999999995,-0.011234008006121171,0.0023
19690529,-0.003204288336450444,-0.0011,0.001057829178280143,0.0072,-0.012438905870410376,-0.0095,0.0031846320595611453,0.0125
19690630,-0.05602130830976641,-0.055,-0.011533449462173745,-0.0109,0.04460605827720407,0.0432,0.01040960626930526,-0.015300000000000001
19690731,-0.03630426422968777,-0.0339,0.01731174638810057,0.0118,0.03610324899607077,0.014499999999999999,-0.006796833314779427,0.019299999999999998
19690829,0.010822178294248828,0.0066,-0.022900455321817934,-0.0377,0.01178583540183515,0.011699999999999999,-0.039414029670985305,-0.0404
19690930,0.0077759254194170215,0.0124,-0.019546760344074755,-0.0319,0.0426838623996824,0.0345,-0.018944320905348713,-0.0077
19691031,0.03441053620640734,0.0391,-0.0326031207561705,-0.031,0.021338053211734695,0.0012,-0.043252066848644855,-0.021400000000000002
19691128,-0.025847975506813458,-0.0245,-0.0007577616136648299,-0.0121,0.02229301826987984,0.014499999999999999,-0.013994247351381925,0.0028000000000000004
19691231,-0.04484946826749965,-0.0377,-0.011890232532953987,-0.028399999999999998,0.05135828713584292,0.0254,-0.01101402800679608,-0.0178
19700130,0.03439680993653633,0.0313,0.022418394549075404,0.031200000000000002,-0.0004545172000652853,-0.0171,0.033790025601237825,0.0385
19700227,-0.024454518443668707,-0.0274,0.033515033200882706,0.0393,-0.0025841267499304293,-0.0232,-0.006835276173210544,0.0274
19700331,-0.016897498930352802,-0.024,0.04941336505518926,0.039900000000000005,0.00926892976391682,-0.0101,0.049949513342403884,0.0432
19700430,-0.06440633544069194,-0.0637,0.05466212446415193,0.0617,0.02247013593750022,-0.0069,0.06447829123228722,0.0626
19700529,-0.04157062896889182,-0.044500000000000005,0.012265490038839533,0.0332,0.0004385407162370847,-0.0125,0.040656365016011685,0.0392
19700630,-0.027468776429417398,-0.022099999999999998,0.024549589497754334,0.006,0.025359916444431696,0.0013,0.057855941645112006,0.0297
19700731,-0.0027211584182723902,-0.0062,0.012104120257025869,0.0091,0.02776615483245204,-0.0025,-0.0009319358390234567,0.0181
19700831,0.020515115654496693,0.015300000000000001,0.0009218422674549531,0.0127,0.008553256211847313,0.005600000000000001,0.028029282492997486,-0.0019
19700930,0.08519970842400851,0.085,-0.06835582515300691,-0.0552,-0.0065244490378696535,0.003,-0.033195140899700784,-0.0584
19701030,-0.050682273730534765,-0.0443,0.01907723051617096,0.0021,0.061057650998036624,0.0171,-0.03499243634314688,0.0232
19701130,-0.036544456466282724,-0.038599999999999995,0.024249315698821796,0.017,0.029023676783247607,0.015600000000000001,0.0012808986043718676,0.0148
19701231,0.02701689234258778,0.029300000000000003,0.036086191479443745,0.009899999999999999,0.004512321840196384,0.0024,-0.002108443519224068,0.0029
19710129,0.07800762527728106,0.0754,0.0012068372734141963,0.0148,-0.03898248576087143,-0.0199,0.02190432684254069,0.0006
19710226,0.01977068819108148,0.0204,-0.019518520465021862,-0.0127,0.013172746775465195,0.0058,0.00017927107778492601,-0.0069
19710331,0.02041901377751181,0.0226,-0.010046527597520845,-0.0403,0.023272885679478203,0.0183,-0.009500080339305036,-0.027000000000000003
19710430,-0.000763876223882555,-0.0034999999999999996,0.00611405240824511,0.008100000000000001,-0.011603323305018433,-0.0146,0.029533471956479904,0.0089
19710528,-0.014600809776126294,-0.0111,-0.002347333250378794,-0.0141,0.0165037042774408,0.0139,-0.005405658618953479,0.0024
19710630,-0.020626490443278335,-0.0149,0.004444667188066546,-0.0194,0.03269943982136619,0.0155,-0.022293844840348288,-0.0165
19710730,-0.008156802192262252,-0.014199999999999999,0.008889964615309928,-0.0001,0.03032030155534063,0.005699999999999999,-0.012363650566621087,0.0149
19710831,0.001907732956088773,-0.0015,0.03129230628439654,0.0264,0.010639803612420388,-0.0045000000000000005,0.016358138781079536,0.0263
19710930,-0.005778869855154062,0.0028000000000000004,-0.013409292171646443,-0.0291,0.045788802172657295,0.0255,-0.033273436118782355,-0.0159
19711029,-0.020740709339401225,-0.0159,0.006087520611991498,-0.0048,0.037052649996221855,0.0158,-0.028049869598326553,-0.0138
19711130,-0.03376696814529839,-0.0287,-0.006842252548633708,-0.017,0.03238773384536328,0.0241,-0.01626762161882415,-0.0033
19711231,0.03555125150614889,0.0325,-0.004812219466034176,-0.0040999999999999995,-0.003225236997870362,-0.0039000000000000003,0.009198931297086155,-0.0173
19720131,0.06825247143578782,0.061200000000000004,0.012107591542099463,0.0227,-0.03671381687700753,-0.0168,0.031100053956853085,0.0052
19720229,0.0021539663889644234,0.0089,-0.016750642745883455,-0.0277,0.007563388642215098,0.0163,-0.004943506570748345,-0.0053
19720330,-0.005469754079865465,-0.004699999999999999,-0.00798022400866246,-0.0163,0.02013502696132419,0.0161,-0.0022086904111303122,-0.0015
19720428,-0.0031454201784592234,0.002,0.0015684306856613892,0.001,0.004706104080077105,-0.0045000000000000005,0.015463471796153826,-0.01
19720531,-0.041667163914091095,-0.031200000000000002,-0.01501093106944417,-0.027200000000000002,0.023116028176418425,0.023799999999999998,-0.013068655969380796,-0.0192
19720630,-0.010458813537228433,-0.004699999999999999,-0.012898816858292073,-0.024900000000000002,0.012696267523640808,0.0181,-0.01205469999251596,-0.0034000000000000002
19720731,-0.033165137124361754,-0.0277,0.010813600000370165,0.0066,0.022778017567238823,0.011399999999999999,-0.010784879640298731,-0.006500000000000001
19720831,-0.024657642947606646,-0.0348,0.05030873633662702,0.0453,-0.0161263882587274,-0.0195,0.0266350532620145,0.0288
19720929,-0.022083277839631973,-0.0222,0.008828934556624483,0.004699999999999999,0.019352168693712507,0.0172,-0.013506762829329732,-0.0197
19721031,-0.020326849918253797,-0.0254,0.015779099858771226,0.013500000000000002,0.002054555411809586,-0.0015,-0.014678900282019727,-0.0002
19721130,0.010085272978800679,-0.0063,0.05192913648765513,0.0483,-0.012611536666526132,-0.019799999999999998,0.03981875382033624,0.0334
19721229,-0.028042911455129754,-0.019,-0.015113746831926055,-0.0219,0.039406252768845865,0.0258,-0.01751112041046387,-0.0215
19730131,-0.028150203085801347,-0.0282,0.01142430866018803,0.0268,0.015188785876466406,0.0038,0.011525230519936133,0.009000000000000001
19730228,-0.03808911973144639,-0.039,0.015698052040619526,0.016,-0.015122259759713166,-0.0025,0.016662932131859584,0.0002
19730330,-0.021836237173835413,-0.0233,0.02647278770947786,0.0262,-0.0023471360084484742,-0.0104,0.02725507709537655,0.0064
19730430,-0.025562222823777514,-0.029500000000000002,0.047073608882544846,0.0542,-0.006723085700219691,-0.0165,0.03498372779525092,0.0273
19730531,-0.06608649319308266,-0.061799999999999994,0.007087476682929,0.0040999999999999995,0.019842448014052903,0.0194,0.00341300775748922,-0.0151
19730629,-0.017635294324433295,-0.025099999999999997,0.0014577873036340366,0.011899999999999999,-0.009469816174151484,-0.0027,0.015576510409948577,0.0021
19730731,0.07952207503910486,0.0726,-0.051279294384832697,-0.0526,0.0278107697410806,-0.0005,-0.04182016517424421,-0.0327
19730831,-0.012504066259396734,-0.0179,0.025324901830412114,0.0106,-0.0015424486934601245,-0.0128,0.0029102547975352333,0.0129
19730928,0.05990558291383752,0.035699999999999996,0.022730860903491107,0.022400000000000003,-0.004839881676555954,-0.023,-0.004162419219648467,0.0175
19731031,-0.003691805230582979,-0.003,0.015952382523676374,0.016,0.014667008300681968,-0.0183,-3.8420383757977166e-05,0.0268
19731130,-0.07812891071196244,-0.0727,0.032129116443629285,0.039900000000000005,-0.018521803366947476,-0.0258,0.01869971255169106,0.0169
19731231,-0.038759995071697494,-0.0466,0.04013575751676263,0.0394,0.0064517443902043885,-0.0269,-0.013112298813470072,0.0241
19740131,0.13323857011741763,0.1039,0.0376748534713677,0.06,-0.06567738245926777,-0.0318,0.06164381709165338,0.044800000000000006
19740228,0.008326977681998289,0.0012,0.03784219011978751,0.025,-0.011128048610671055,-0.0187,0.023079916035095648,0.0262
19740329,0.01852546363041433,0.026099999999999998,0.00044837412359663605,-0.0012,0.03601924957995391,0.0279,-0.0061300007156728014,0.0045000000000000005
19740430,-0.00951429381997361,-0.0069,0.0005977289329735305,0.0087,0.045442858709943953,0.0288,0.0024813545096394884,0.0208
19740531,-0.048801202074099506,-0.0308,-0.025974800828286092,-0.0207,0.06007663288884424,0.0493,-0.0221801005194621,-0.004
19740628,-0.002683040170085839,0.0002,0.012216843885168256,0.0079,0.020077268187458842,0.0062,0.007895115053876044,0.028999999999999998
19740731,0.03542225651357571,0.0192,0.0535219510428968,0.051699999999999996,0.016011047737159792,-0.0326,-0.02905074512648753,0.046
19740830,0.007571029395647411,0.0026,0.03046646523906356,0.0264,0.02937780562427844,-0.0028000000000000004,0.014853895181123636,0.026000000000000002
19740930,0.03279955578120197,0.0148,0.03681716117028738,0.0559,-0.026242235410907158,-0.0443,-3.1323032278318674e-05,0.0592
19741031,-0.08000253113393695,-0.0682,-0.0513432005909404,-0.09880000000000001,0.08316229741297436,-0.0022,-0.10052313477398317,-0.0287
19741129,-0.0052184608605467045,-0.0148,0.0005346176940394659,-0.002,0.016813790805288387,-0.0335,-0.008927783968537897,0.0294
19741231,-0.0472526668492661,-0.0435,0.0021231246923516245,0.0011,0.012091177088165803,-0.0069,-0.00446291547650618,0.0326
19750131,0.1767454227222431,0.1292,0.10128323562994662,0.0827,-0.11628579905846462,-0.0076,0.12355865090762597,-0.0092
19750228,-0.02598166504687649,-0.006500000000000001,-0.03655886873973548,-0.0444,0.04135592571550409,0.0115,-0.017833938546521474,-0.0212
19750331,0.059361840409145925,0.039900000000000005,0.02621829296852174,0.0239,-0.023670844158880114,0.0123,0.04502976874613345,-0.0131
19750430,-0.01730416934474993,-0.0072,-0.019526847561875924,-0.0113,0.05757175490676257,0.014199999999999999,-0.039866194810700036,-0.013500000000000002
19750530,0.019992309104699305,0.028900000000000002,-0.032351696763993715,-0.040999999999999995,-0.0017772681933777568,-0.009899999999999999,-0.004588847533089524,-0.0060999999999999995
19750630,0.029851061223052783,0.014199999999999999,0.005011424052459634,0.013999999999999999,-0.038716100989479495,-0.026600000000000002,0.03182530806924287,0.011000000000000001
19750731,0.038881458200173975,0.0344,0.026258063841630687,0.0169,0.01549181473246683,0.0046,-0.006375365306123822,0.0123
19750829,-0.030082770615294907,-0.028399999999999998,-0.005412855316589207,-0.009399999999999999,0.018619942446952358,0.011200000000000002,-0.014375833671347496,-0.009300000000000001
19750930,0.0009105456386033633,0.0005,0.008593150702346064,0.0043,0.024305726765085366,0.0053,-0.016550861788022196,0.0055000000000000005
19751031,-0.041803995982771985,-0.042199999999999994,0.004086601966752819,0.0027,0.0371798613717852,-0.0048,-0.025997438444348046,0.022000000000000002
19751128,-0.007102842270443908,-0.011000000000000001,0.018087420398619138,0.020499999999999997,0.007446227105440385,-0.0068000000000000005,0.0029869917648324557,0.0178
19751231,0.005604546637658977,-0.0005,0.009228103966600638,0.0169,-0.0031526568474681328,-0.0009,0.00965090033686045,0.0058
19760130,0.07718975571920898,0.0632,0.0947593111256877,0.0857,-0.024874372264105216,-0.0179,0.06623837399184532,0.0227
19760227,0.09650653590184402,0.07980000000000001,0.07527953216056249,0.0582,-0.040576994867895344,-0.026000000000000002,0.05206276740741554,0.0383
19760331,-0.01700417319788151,-0.0139,-0.0093750999641888,-0.0011,0.0028564960660209804,-0.0033,-0.004287085468428837,0.009399999999999999
19760430,0.00210357719812161,0.0008,-0.007088242330873762,-0.0014000000000000002,-0.000566712828202913,0.004,0.0047628218351580265,-0.0108
19760528,-0.009594674157517288,-0.011000000000000001,-0.01185760915917191,-0.013500000000000002,0.015945393523020133,0.0245,0.001003303255377879,-0.013999999999999999
19760630,-0.01031491247457425,-0.010700000000000001,0.005759619993785221,0.0069,0.004297311809259477,-0.0067,0.006063114987623783,0.0101
19760730,0.007325395715158327,0.0063,0.023240870202766165,0.0173,0.007227324159415698,-0.0105,-0.003266343356945935,0.0028000000000000004
19760831,-0.02085942218891084,-0.019799999999999998,0.013128222946838295,0.008100000000000001,0.005473620077232441,-0.0040999999999999995,-0.011420729024697842,-0.0055000000000000005
19760930,0.0004151042750686687,0.001,0.006405363097982959,-0.0029,0.017649237896243928,0.0098,-0.0182793016930236,-0.0115
19761029,0.000563351886805407,0.0013,-0.0007865651882122127,-0.0018,0.011094187853197855,-0.0019,-0.005595686937140569,-0.0037
19761130,0.03128573002195962,0.026600000000000002,0.016287097895679434,0.0151,0.0007998351481962006,-0.0141,-0.00551659740652476,0.0009
19761231,0.044410729786441484,0.0364,0.020725373761560806,0.0227,0.0030404734824873852,-0.0062,0.016375838831583722,0.022799999999999997
19770131,0.06696635235204833,0.059000000000000004,0.04356732669730153,0.042699999999999995,-0.013206910889134038,-0.0051,0.028234984964574515,0.0197
19770228,0.009628394302449573,0.010700000000000001,0.007437884129902876,0.004699999999999999,0.004950048350408744,-0.0016,-0.0034499378930639164,-0.0022
19770331,0.01864925654836486,0.0131,0.02156904893606759,0.0109,-0.003978489803377065,-0.003,-0.005387976270889731,-0.0006
19770429,0.01598883497746796,0.0060999999999999995,0.026447994267746393,0.0338,-0.00843479541350468,-0.0202,0.002541381916553294,0.011399999999999999
19770531,0.015475300134820638,0.0131,0.017869494085934537,0.0085,-0.002417723247120574,0.0033,0.005763482939225552,0.0019
19770630,0.014946748043070918,0.0208,0.004909909614388919,-0.0074,0.0161289082994234,0.0091,-0.001932452234813739,-0.012
19770729,0.015357878898996116,0.018799999999999997,-0.00032265354978193526,-0.005699999999999999,0.020188248463081537,0.0074,-0.013274220633847731,0.0009
19770831,0.00784689102626061,0.0086,-0.016507484663392052,-0.0273,0.020116087612202013,0.009899999999999999,-0.026040279437247592,-0.0069
19770930,0.01194155221823412,0.0143,0.001606309829745415,-0.0046,0.022699359092503427,0.014499999999999999,-0.012937548485950454,-0.0084
19771031,0.01563301606063526,0.0148,0.017038845175798234,0.0181,0.0035275174137333505,-0.0019,0.004934149080937096,-0.0029
19771130,0.040958409302326804,0.0364,0.012295285282070217,0.0023,0.015860093036975387,-0.0013,-0.014128894673135384,0.0070999999999999995
19771230,0.013428000953219568,0.0159,-0.005069068563200267,-0.003,0.01620651087686193,0.0091,-0.00669570375528614,-0.0069
19780131,0.031034207491210844,0.027200000000000002,0.024272261882470808,0.0336,-0.01503554747579201,-0.017,0.026819506764414407,0.0152
19780228,0.03688402815648183,0.037000000000000005,0.014621632220674922,0.0083,0.0197024156412624,0.0033,-0.006814287011562444,0.0104
19780331,0.03705773859815182,0.0371,0.015562583476011485,0.0116,0.006975714235983685,-0.0059,-0.00893040329740974,0.018799999999999997
19780428,-0.008439982453594772,-0.0027,-0.02232826810197272,-0.035699999999999996,0.027810477763502622,0.028300000000000002,-0.025593367840101966,-0.0129
19780531,0.044243329532179194,0.0458,0.0003320414829961135,-0.0053,0.0052621064413357,0.0024,-0.005005469675929464,0.0037
19780630,0.017687767889327466,0.015600000000000001,0.00504491831939893,0.005699999999999999,0.0014264916319974468,-0.0141,-0.00703093220232268,-0.0003
19780731,0.002701823648081615,0.0013,-0.008119542804928118,-0.0111,0.03756591022077734,0.0155,-0.037452974682125675,-0.0079
19780831,0.048396532839320695,0.0495,0.008526845229772456,-0.005699999999999999,0.03616048523387473,0.0141,-0.039649453217713626,0.0044
19780929,-0.0006558216500260356,-0.0031,0.011742675902245557,0.018600000000000002,-0.006604006948033975,-0.006500000000000001,0.021674110994189418,0.018000000000000002
19781031,-0.10209359782736344,-0.1007,0.0044840897194001195,0.0139,0.0030442531800937145,0.0018,0.02356661306972646,0.009899999999999999
19781130,0.034269398042487347,0.0285,-0.007983562789844328,-0.021400000000000002,0.016147435499261814,0.0111,-0.01519833756429484,-0.011899999999999999
19781229,0.007518958664875749,0.011200000000000002,-0.01725255877856178,-0.0213,0.03879377040466908,0.0195,-0.027847880265043506,-0.0138
19790131,0.0454128693505485,0.0379,0.03178639832747564,0.022000000000000002,-0.025969116431972195,-0.024900000000000002,0.024140211661029407,0.0151
19790228,0.004275757297753206,0.0054,0.008583278839321584,0.011399999999999999,-0.005446249754953617,-0.0111,0.01616542069599851,0.0096
19790330,0.0348319409478918,0.032,-0.008494839864102877,-0.0073,0.016194061605847826,0.0051,-0.015032704109780276,0.0028000000000000004
19790430,0.02164513821353924,0.024,8.337312903817368e-05,0.0108,0.011317006979565815,0.0111,-0.0012615077338400532,0.0021
19790531,-0.0015634425938413164,0.0017000000000000001,0.014151117972606986,0.0132,-0.0049908912814324675,-0.0155,0.007672624096698347,-0.0027
19790629,0.011848035980010954,0.009899999999999999,-0.00014016961246995918,0.0139,-0.017041730158325982,-0.0159,0.0012374933825454668,-0.004699999999999999
19790731,0.014460404960584934,0.0127,0.020435520443450143,0.018600000000000002,0.01484526895552687,-0.0028000000000000004,-0.0055613167922769075,0.0070999999999999995
19790831,0.021637177006445935,0.0192,-0.004257154905209726,-0.0158,0.030331651432363,0.016,-0.029153877125428426,-0.0147
19790928,-0.003704695285328595,-0.0033,0.006223073139094936,-0.009000000000000001,0.028616021987586712,0.01,-0.014727350094020972,0.0032
19791031,-0.03921585470938374,-0.0351,0.00017909707388630292,-0.018600000000000002,0.01817403610284117,0.01,-0.014088478494527684,0.001
19791130,0.02686163555722662,0.0253,-0.0250657016605179,-0.032799999999999996,0.03618991605488037,0.0002,-0.05566142792752904,-0.0212
19791231,0.04216379020584829,0.0432,-0.020750556452549557,-0.021,0.022065355119276556,-0.0072,-0.03329766488849286,-0.009000000000000001
19800131,0.025292660164145324,0.0182,-0.006094875682408629,0.0175,0.0138203298793374,-0.0169,-0.026652290025674014,0.0171
19800229,-0.01496446240422762,-0.0158,-0.004877905274507221,0.0060999999999999995,0.028223418928241102,0.0007000000000000001,-0.04113213621961919,0.027000000000000003
19800331,-0.07763773823556903,-0.0692,0.015065074504931442,-0.0101,-0.005062871344191949,0.014499999999999999,0.03757269667895177,-0.0116
19800430,0.010755438468498218,0.0105,0.01051052494853931,0.0108,-0.011145240728144053,-0.0206,-0.018003842241659844,0.0027
19800530,0.023493978519426396,0.021,-0.0032017081592385227,0.0038,0.0040329598676226985,0.0032,-0.007993893355674783,-0.0032
19800630,0.011999886314886757,0.014199999999999999,0.0038162738020879328,-0.0076,0.007784354950717304,-0.0016,-0.008700915062408221,-0.0128
19800731,0.03818614702598712,0.0382,-0.038868693551515246,-0.0641,0.039201256694703465,0.0405,-0.03177204458227202,-0.023799999999999998
19800829,0.04191944931686776,0.0426,-0.03576255344382816,-0.026099999999999998,0.0370507739043207,0.0207,-0.031033753149008303,-0.0087
19800930,0.00822673960796777,0.0066,-0.032089019805145204,-0.0458,0.026622110834935955,0.019,-0.04343603695172396,-0.0277
19801031,0.016306557489151427,0.0236,-0.023746904397006205,-0.0279,0.057117929919734384,0.0169,-0.047322716135256016,-0.0118
19801128,-0.03750711050119221,-0.0331,-0.0784976349726762,-0.0833,0.09549674917930137,0.0451,-0.10469972008724523,-0.0571
19801231,-0.003601277605581016,-0.0029,0.02742025548138244,0.0279,-0.019949136010083683,-0.0129,0.019370135648157913,0.0123
19810130,0.03436625152627399,0.0329,0.04477669980677358,0.0672,-0.04092319356580093,-0.0353,0.06053127762666624,0.0435
19810227,-0.0026715448512980265,-0.0051,0.019574645441959082,0.0102,0.006509935503662317,0.0021,0.018529375360861924,0.0227
19810331,0.035628468981306775,0.030299999999999997,0.013899005988331284,0.0064,-0.027379159041936316,-0.0226,0.02584142201236537,-0.0052
19810430,0.043395270868251914,0.045899999999999996,0.027638656013485002,0.022799999999999997,-0.0026470302035861426,0.0083,0.015523394075615073,0.012199999999999999
19810529,0.02090981520968192,0.0245,0.0019456902519676515,-0.0042,-0.006053715104617434,0.003,0.003081346752242496,-0.0154
19810630,-0.010630231752669092,-0.0095,0.0530922571740107,0.0513,0.005705517466612745,-0.0137,0.022299677776350366,0.0269
19810731,-0.024520209377974327,-0.020499999999999997,-0.004603499089818065,-0.0049,0.0356253306806416,0.0126,-0.03087837287268648,-0.0255
19810831,-0.021176029396199336,-0.0181,0.049011352744645534,0.0479,0.013823781101680893,-0.0031,0.005621573753714665,0.0141
19810930,-0.02209549632921745,-0.024399999999999998,0.06055211131714476,0.051699999999999996,0.03002590685568375,0.0012,0.016843844521040055,0.026099999999999998
19811030,0.023621257480968355,0.0236,-0.043838145655833466,-0.0421,0.060800626787365794,0.031400000000000004,-0.05281545904724258,-0.0301
19811130,-0.014848417619499503,-0.0151,0.027004246495179823,0.018500000000000003,0.012237724155206707,0.0007000000000000001,-0.002864906216565783,0.0096
19811231,0.013658540761250218,0.012,0.022174427383735963,0.008199999999999999,0.022964233474846874,0.0022,0.016007039870876996,0.025
19820129,-0.006944781045221799,-0.0113,0.022987170214921367,0.0319,-0.0009328409616795388,-0.0149,0.02399445690624564,0.0192
19820226,0.004139289104364542,0.0034999999999999996,0.07018998206458962,0.0605,-0.002793941440112274,-0.034300000000000004,0.03072804976883589,0.045599999999999995
19820331,0.0020162700264921667,-0.0004,0.03207032299311042,0.0383,0.007365829391464582,-0.0139,0.008172108091261319,0.024900000000000002
19820430,0.013326814511946568,0.0109,-0.02514464457634756,-0.027000000000000003,0.012112500771852053,0.015600000000000001,0.0029471739114423495,-0.0002
19820528,0.0012844436116854797,0.0064,0.013939606486182258,0.0176,0.011784975900783163,0.0088,0.0011848846827343766,-0.0031
19820630,-0.004730141014777582,-0.0052,0.03413796075573736,0.0155,0.01984894102713794,0.0001,0.027368284037718453,0.027000000000000003
19820730,0.009004917168376208,0.0095,0.016892366442948593,0.0009,0.040334126484148795,0.0104,-0.027073867856280482,0.0154
19820831,-0.034010369900257104,-0.0433,0.009199529856979471,0.009300000000000001,0.0007532229323303913,-0.0189,-0.005315451807758484,0.0011
19820930,0.023680429206875735,0.0262,0.0223681156981175,0.0027,0.04093919393432335,0.021400000000000002,-0.02767101411134172,-0.0004
19821029,0.02779263046820339,0.0194,-0.017835456086463183,-0.036699999999999997,0.025929583690256358,0.0029,-0.03985864179769502,-0.0034000000000000002
19821130,0.04883593264923639,0.044199999999999996,0.02264523088531381,-0.018500000000000003,0.012833033050010906,-0.0097,-0.032770548648182046,0.0029
19821231,-0.00512699823336606,-0.0007000000000000001,0.007879303654670593,0.0001,0.015285093191770224,-0.0001,-0.013837585579912723,0.0105
19830131,0.036262940787136516,0.0333,-0.02295032224563333,-0.0070999999999999995,-0.031180277778252358,-0.0155,0.015909182646966405,-0.0055000000000000005
19830228,0.026832646967457196,0.029300000000000003,0.03869666821817072,0.006999999999999999,0.00033416309736856997,-0.0052,-0.011044561656837551,0.0105
19830331,0.010738819592568567,0.0138,0.027498532322548723,0.020099999999999996,0.013458069234597914,-0.0017000000000000001,0.01208688030609597,0.0274
19830429,0.0052625408176562305,0.004699999999999999,0.021212800346478017,0.0051,0.010652306348504365,-0.0011,0.007905431915731911,0.0147
19830531,0.06710736146690334,0.0633,-0.026264764578923926,-0.014199999999999999,-0.04038265921561453,-0.0184,0.014966424556936461,-0.0154
19830630,0.00891716648395207,0.011899999999999999,-0.026549733384953388,-0.0391,0.02184553644091034,0.026000000000000002,0.01433770422977712,-0.0087
19830729,0.005109550617426885,0.0101,0.05561623618439356,0.0562,0.03304338976500012,-0.0011,0.010838359070157781,0.0281
19830831,-0.04537405654015243,-0.0432,0.037308291588164524,0.0554,0.03593849033124323,0.0053,0.018469095302931234,0.019
19830930,0.0047129881445951635,0.0031,0.02795429293276366,0.0101,0.03894815168617937,0.0125,-0.010252511841490604,0.005
19831031,-0.0393209836413765,-0.0378,0.05152049145334557,0.049699999999999994,0.0502307085620433,-0.008,0.012525934351855693,0.0297
19831130,0.0202449185042868,0.0189,0.012678151268015119,-0.0073,0.0027743877700431158,-0.0075,-0.014726305368552094,0.0066
19831230,-0.006210581644646049,-0.0045000000000000005,0.02644396518398775,0.017,0.02193908085167814,0.016,0.012213591796899988,0.0127
19840131,-0.006277471858187906,-0.0003,0.031788642575301757,0.0757,-0.009551005183723498,-0.008199999999999999,0.0588284474281358,0.0292
19840229,-0.015744004887278354,-0.016,0.02211721768546538,0.0334,0.012647906539649777,0.0091,0.019968095439275718,0.0158
19840330,-0.00605179900638088,-0.0029,0.010926996189352596,0.004699999999999999,-0.010927538944077924,-0.0085,0.010834094856640634,0.011699999999999999
19840430,-0.008860946689136125,-0.0096,0.013362573608896302,0.011899999999999999,0.04365487774649657,0.0338,-0.008207992320448675,0.0076
19840531,-0.005937487610630364,0.0014000000000000002,0.01553957766631582,0.0029,0.03422174400787116,0.022000000000000002,-0.0006767583294696872,-0.0046
19840629,0.005295693580687336,0.001,-0.008335621071776177,-0.026600000000000002,0.04824278471312625,0.0313,-0.02206830875696307,-0.015600000000000001
19840731,-0.024564684874846077,-0.0222,0.024533554308669676,0.0033,0.055958240246712254,0.0355,-0.01978248641390938,-0.0215
19840831,-0.0011137346579665752,-0.0026,-0.01629462213384139,-0.018000000000000002,0.004338271011052164,-0.0068000000000000005,-0.03986472910402647,-0.0092
19840928,-0.003361513152834105,-0.0003,0.04403612153541843,0.052300000000000006,0.011376682644489391,0.0137,0.011254682471025164,0.0241
19841031,-0.015083713676597195,-0.0144,0.028560456560739043,0.004699999999999999,0.03853357985052182,0.0118,-0.021970405845391058,-0.0109
19841130,-0.005968516307557847,-0.0101,0.034825516347535834,0.0404,0.01760734638579254,0.0072,-0.004620924734712081,0.0206
19841231,-0.008075700552066689,-0.006500000000000001,0.00973394935200764,-0.0025,0.029729303697977154,0.0131,-0.0228612992191898,-0.013600000000000001
19850131,0.029776277367234177,0.035,-0.03995000741665769,-0.0533,-0.018090397798331118,-0.0089,-0.02591789909673617,-0.0341
19850228,0.002727907304009347,0.0104,-0.0004678448072344063,-0.001,0.028199624519203926,0.0129,0.010635965910050539,0.0106
19850329,-0.023323332463194468,-0.0139,0.024813038082818928,0.0407,0.0037044385420969533,0.0123,0.026538528651808817,0.0288
19850430,-0.010572461063833489,-0.001,0.031199894005640504,0.037200000000000004,0.01554699969283942,0.0155,0.0032054817237928326,0.0070999999999999995
19850531,-0.03046674068685328,-0.0231,0.002525171811319407,-0.009399999999999999,0.028144924436898203,0.013300000000000001,-0.006834648112465324,-0.0149
19850628,-0.001039682118718228,0.0038,0.017773557289294896,0.004699999999999999,0.018608370466230123,0.0171,-0.013835214963988887,-0.0077
19850731,0.027205557201378593,0.0287,-0.007979128479396917,-0.016,0.00015484550254042315,-0.0044,-0.0074300627262944945,-0.0038
19850830,-0.0026318919102463964,-0.0029,0.015406835678068147,0.022799999999999997,0.011317242997980807,-0.0007000000000000001,-0.00504457817733067,0.0184
19850930,-0.017480728830546514,-0.018000000000000002,0.016665509955456792,0.0129,0.03132755290149417,0.0109,0.0022177826034029263,0.016200000000000003
19851031,-0.011243399306570777,-0.0149,0.027188362743408682,0.0075,0.029270026297690276,0.0091,-0.01846451510237357,-0.0108
19851129,-0.0036266509202537434,0.0002,-0.008371859505029874,-0.028399999999999998,0.014331312283195778,0.0032,-0.027479827538685137,-0.0229
19851231,-0.0008553200229595367,-0.004,0.002044157935861407,-0.0154,0.019573384549039157,0.0101,-0.03835186389463239,-0.0182
19860131,0.008805961839503613,0.01,-0.004289213864074909,0.0044,-0.009079286596236743,-0.02,-0.023539785920322954,-0.02
19860228,-0.008824422944387636,-0.0070999999999999995,0.01361667158218964,-0.0077,0.019636382579340292,0.0109,-0.030515364439732115,-0.0124
19860331,-0.005806611444971688,-0.006500000000000001,0.009388690765699502,-0.0037,0.010422182897653329,0.0118,-0.017434670545773995,0.009000000000000001
19860430,0.01977433588132564,0.0286,-0.027874762894962973,-0.0286,0.023878296568437218,0.028900000000000002,-0.006771965444534768,-0.0006
19860530,-0.016039719043346556,-0.0129,-0.0002446219234135752,-0.0021,0.0197655826487979,0.0215,0.004729736031386697,0.0108
19860630,-0.0110972629524115,-0.0088,0.006234527639782782,0.013000000000000001,0.048915013367812565,0.0183,-0.014856497292228108,0.008199999999999999
19860731,-0.034895402113227905,-0.0345,0.038060677461005624,0.047,0.054276395190903715,-0.0045000000000000005,-0.0192617886478203,0.0084
19860829,-0.03874045586480197,-0.0435,0.03160182047967715,0.0351,0.000815322053314041,-0.0163,0.025194456893716778,0.0319
19860930,0.0187417781829103,0.020499999999999997,0.031539256136882826,0.0322,-0.0008288409903778604,-0.001,0.03734451672759562,0.037200000000000004
19861031,-0.023848315481437364,-0.0233,0.003848194581254266,-0.014199999999999999,0.01737219310800656,-0.0005,-0.02509234651783544,0.01
19861128,-0.020374425306426188,-0.0189,0.0030421845651956757,-0.0007000000000000001,0.024272334833357487,0.0103,-0.00033258856970843926,0.0066
19861231,0.0007965115149405171,0.0012,0.012731486666660005,0.0036,0.015089582055879631,0.008100000000000001,-0.006199995671781727,0.0009
19870130,-0.01450043234581086,-0.0154,-0.00911972631469743,-0.0316,0.005681881762339025,0.0016,-0.00995194534688669,-0.0098
19870227,0.030709078267430773,0.034,-0.03503414095274492,-0.0591,-0.02639169576597422,-0.0084,-0.03476808197771203,-0.0263
19870331,0.0014149723320799092,0.0027,0.0034616965054257223,0.0161,-0.0044404642194359675,0.013500000000000002,0.03892118925688347,0.0412
19870430,-0.010356882395760592,-0.0154,0.000232973792732339,-0.0039000000000000003,-0.007486823704371273,-0.005,0.02292667846544859,0.0103
19870529,-0.008423113979371602,-0.005600000000000001,-0.0055086042773449615,0.0023,-0.010859756136416598,0.0051,0.027038016473598464,0.0115
19870630,-0.02268337292796099,-0.022099999999999998,0.006365042443036189,0.0104,0.029025362525947,0.0169,0.007511765743612883,0.0084
19870731,-0.010848017578276942,-0.011200000000000002,0.015912092634903594,0.0073,0.02876667532374681,-0.0060999999999999995,-9.702780279383788e-05,0.016399999999999998
19870831,-0.00924994586093826,-0.0095,0.004672749318620644,-0.0095,0.03831574555513208,0.0204,-0.039454004479423835,-0.0161
19870930,0.0047665322341486835,0.004,0.006440824172826461,0.003,0.019062777467487683,-0.0097,-0.0052571529599199675,0.019
19871030,-0.07956723711734515,-0.0805,0.022050842647342306,0.042300000000000004,0.0699778964756449,0.0206,0.007707826293132547,0.0226
19871130,0.026271243779757487,0.0287,0.02417026995331513,0.0296,0.02184667860822956,-0.018799999999999997,-0.0041877878284342085,0.0068000000000000005
19871231,-0.001907131670250764,0.0006,0.018795143772524253,-0.043899999999999995,0.055940053342526656,0.029500000000000002,-0.05622943448021951,-0.0246
19880129,0.008116895876336037,-0.0053,0.010304162430588931,0.0495,-0.03598295711529272,-0.0113,0.05200966605503436,0.022000000000000002
19880229,0.031834565226628926,0.0331,0.001316481219595808,-0.0169,0.00530345525448421,0.0155,-0.02066527853524531,0.0
19880331,0.05938778718331825,0.062400000000000004,0.019940027479927992,0.0074,-0.009822016566549303,-0.0026,0.011289693724272378,0.0182
19880429,0.007248543339330509,0.0115,0.017545135358210468,0.0163,0.00903137871506526,-0.002,0.009202151760558164,0.0194
19880531,-0.029546358655769638,-0.025699999999999997,0.021587451076567416,0.0242,0.010832682657996064,-0.0074,0.0065638012847100986,0.0033
19880630,0.013290791787888522,0.021400000000000002,0.0011737929599205318,-0.012199999999999999,-0.0021893605780160946,0.0146,-0.03056916753810407,-0.0344
19880729,-0.0038169186540810895,-0.0021,0.009758878583703222,0.0217,0.019588281375374727,-0.0058,-0.0072323974296407715,0.0149
19880831,-0.0009528810190626326,-0.0003,0.0240523435218803,0.021,0.0176060314790316,-0.008100000000000001,-0.0022361813153426204,0.0176
19880930,-0.01750902912447549,-0.013500000000000002,0.00011879823840469511,-0.0075,0.031458409898539375,0.0175,-0.029210519101153774,-0.006
19881031,-0.02784667836616076,-0.029500000000000002,0.01731140762973072,0.0169,0.031153966967538933,0.0129,-0.004024703624289463,0.0103
19881130,-0.01478001881110991,-0.0165,0.011169703427888356,0.013000000000000001,0.03182660309278558,-0.0028000000000000004,0.0010030161161217119,0.0163
19881230,0.015615441879384583,0.0202,-0.005376988594577144,-0.0161,0.008590485806961479,0.0069,-0.00954310562557981,-0.0038
19890131,-0.021723043448144075,-0.0231,-0.00027284148019218746,0.0062,0.020192264192809603,-0.0095,0.000919166919314221,0.0014000000000000002
19890228,0.03091387351412271,0.0271,0.005771995077722818,0.009300000000000001,-0.001901435986619314,-0.0087,0.008541765541691615,0.0181
19890331,0.0035508134368042003,0.0068000000000000005,0.015625014553740435,0.0054,0.028596826862889106,0.0005,-0.006749823262650011,0.0073
19890428,-0.014657004740358352,-0.0078000000000000005,-0.003711902424901131,-0.013999999999999999,0.02115170710291117,0.0070999999999999995,-0.002285338998499073,-0.005699999999999999
19890531,-0.006855499916779986,0.0,0.002667228334348376,-0.0087,0.02321959303873684,0.0049,-0.01236001877538128,-0.0008
19890630,-0.0059173742842718955,-0.0109,0.020430143633897613,0.0223,0.004091675731231474,0.0027,0.00394107837243865,0.0155
19890731,-0.047460297718220176,-0.0417,-0.02460308601857495,-0.0279,0.06469906780785438,0.0195,-0.05752668649753791,-0.005600000000000001
19890831,0.010496796362713758,0.0048,0.049744551647175075,0.006,0.026381296809949564,0.0039000000000000003,0.026282657095825404,-0.005699999999999999
19890929,0.004113621957549909,0.0049,-0.010910890279212408,-0.0127,0.016990166231706336,0.013999999999999999,-0.04724862851987916,0.0051
19891031,-0.03465259259432564,-0.0332,0.0021637564674067064,-0.0111,0.04760131587146074,0.001,-0.028815736683127577,-0.0003
19891130,-0.015422731590042593,-0.0129,-0.01805080994032803,-0.0109,0.02902964906429269,-0.0086,-0.039196577177082484,0.0137
19891229,-0.02831119247524722,-0.022799999999999997,0.0008038933607861787,0.0016,0.053212125436876395,-0.0007000000000000001,-0.020687561146646685,0.014499999999999999
19900131,-0.013351984532445751,-0.0132,-0.019047374220078836,0.0085,0.015366598593462885,-0.0118,-0.009451955591271238,0.0137
19900228,0.014029735884898347,0.0115,0.04689765806733836,0.0064,0.015876583681281174,-0.0007000000000000001,0.02146574886214101,-0.0060999999999999995
19900330,0.008962140864832515,0.0158,-0.004645380222172951,-0.0292,0.024209143016835417,0.0202,-0.01025838611673574,-0.0095
19900430,-0.0083821122537307,-0.0032,-0.03483800244338336,-0.0259,0.03805324317553794,0.0181,-0.025800906225774283,-0.01
19900531,-0.03868794404549864,-0.023700000000000002,-0.03969942133981572,-0.0383,0.020796393612044772,0.0154,-0.047589638944070325,-0.0158
19900629,0.012065923739831837,0.0131,-0.016099263484096994,-0.019299999999999998,0.020794110151982542,-0.011000000000000001,-0.0061833076535742736,-0.0036
19900731,-0.03429335696140741,-0.0313,-0.013352600459072148,-0.0004,0.05343397145380651,-0.0011,-0.029623482660048567,0.0323
19900831,-0.037268655284277405,-0.038599999999999995,0.02745754933974298,0.016,0.03135076130455357,-0.0034999999999999996,-0.01627248034397838,0.029900000000000003
19900928,-0.04575576576259696,-0.0374,-0.010603056661572158,0.0060999999999999995,0.046787829689453636,0.0006,-0.0453585055187474,0.0361
19901031,-0.05361730545150544,-0.0507,-0.02095448526901189,0.0,0.08496967892906446,0.0313,-0.06079521835647854,-0.0032
19901130,0.0014978901182990806,0.0004,0.010930523754802739,-0.0297,0.01178379784590862,0.0051,-0.013214426788285064,-0.046900000000000004
19901231,0.00041328461219365675,0.0064,0.012356300802204827,-0.0163,0.04551020649571478,0.0265,-0.0512863255361278,-0.0181
19910131,0.033592369448811145,0.038900000000000004,0.006398041911267721,-0.015700000000000002,-0.025279569372028035,0.0126,0.027719769771700237,-0.0385
19910228,0.054714786456455625,0.04019999999999999,0.011392235104235593,-0.0063,-0.057967990329483327,-0.0005,0.04911448587468467,-0.0043
19910328,0.04168803422763634,0.0382,0.014386432763311363,-0.013000000000000001,-0.05408874178884241,-0.005,0.02327828251026165,-0.0111
19910430,0.0032392805797993238,0.0032,-0.029443343667026153,0.014499999999999999,-0.007085488923663785,0.0064,-0.01289253233069908,0.008
19910531,-0.0069713044054438705,0.0012,0.002288428611680167,-0.0049,0.023498253322385865,0.020499999999999997,0.0028660182805118548,-0.0235
19910628,0.008006908902296793,0.0026,0.0013608438467799522,0.010700000000000001,0.005106994177173155,0.0177,0.014206236282888321,0.0064
19910731,-0.00935662434452629,-0.0095,0.01420057084045849,-0.0132,0.052231008679541446,0.0161,-0.053645775267698516,-0.0138
19910830,0.007600378201970511,0.0141,0.008376729969538869,-0.0078000000000000005,0.02579803756031222,0.0085,-0.04327638806079194,-0.0034000000000000002
19910930,0.019240786093519084,0.015600000000000001,-0.011276804679036238,-0.010700000000000001,0.003201756758324864,-0.018000000000000002,-0.03858945573002681,0.0008
19911031,0.002549131321375662,0.009000000000000001,0.011843092581359026,-0.0046,0.0006024940296121481,-0.0173,-0.03837325760534128,-0.0023
19911129,-0.004451628356595676,-0.0084,-0.026167307585156032,-0.018799999999999997,0.008648615620523381,0.0106,-0.042752267735990716,0.0001
19911231,-0.039022913014133784,-0.024,0.012997028187064996,-0.0418,0.050033793932880245,0.0356,-0.06425732341433807,-0.031200000000000002
19920131,0.10672641123060142,0.0919,0.03588794021997982,0.047,-0.06513127257012083,-0.0129,0.0631805385345086,0.032
19920228,0.025216071232813827,0.0134,0.0723090162467542,0.0647,-0.004099430475175282,0.001,0.048950703082548216,0.0219
19920331,-0.009631864029399532,-0.009300000000000001,0.007206132131210439,0.0355,0.018567379416759937,-0.0001,0.006172227573581785,0.0195
19920430,-0.05737254224462174,-0.057,0.025427489784825928,0.0432,0.04000870422826183,0.0169,0.021182844179058642,0.0223
19920529,0.0012338587900835012,0.0021,0.0033992336021950115,0.011899999999999999,-0.005206420119277139,-0.0096,0.00974445085729524,0.0048
19920630,-0.024930814500950492,-0.0274,0.02769661765049506,0.0325,0.016986832025965536,-0.0009,-0.005242925889288506,0.0101
19920731,-0.010561440229256112,-0.0066,0.0058915066261188975,-0.0055000000000000005,0.040018766224000385,0.0124,-0.04159123507412665,-0.0089
19920831,-0.008277388295200225,-0.0044,-0.008083245036466152,-0.0108,0.03492113152860392,0.0368,-0.013962455685661873,-0.016
19920930,0.001662908491394952,0.0044,0.008348480825250502,-0.0023,0.013050449925735244,0.0158,-0.03582323258530999,-0.0063
19921030,0.01801765848405955,0.0209,0.003384118071018752,-0.019799999999999998,0.03179189489264244,0.0126,-0.05019269653716474,-0.0084
19921130,0.03698790348728057,0.0398,0.017405107519394017,-0.014199999999999999,-0.003264850165366387,-0.0062,-0.028971344598085244,-0.0165
19921231,0.023682883189590387,0.0167,0.046043641684547526,0.0265,-0.0007598578688887032,-0.0046,-0.013557587813148152,0.0083
19930129,0.042237556716932925,0.0189,0.054568344022006304,0.059500000000000004,0.0010429547510690668,-0.018500000000000003,0.11476377523031847,0.0294
19930226,-0.024817883498119753,-0.0347,0.048630230289719245,0.0644,0.012357814916676684,-0.0048,0.021120845636368964,0.0421
19930331,0.0005744620547530437,0.0008,0.025325227680675407,0.011899999999999999,0.0065822092977444666,-0.0017000000000000001,-0.013988889632015455,0.009000000000000001
19930430,-0.003884148305162847,-0.0086,0.01915529799397176,0.0248,-0.022132472937464474,-0.036000000000000004,0.01494999412215681,0.0144
19930528,0.01718584192656268,0.019299999999999998,-0.02670269512377183,-0.035,-0.029561315787099775,-0.0008,0.0002832930295746036,-0.0105
19930630,0.00609461207653555,0.0016,0.02252780341682238,0.027200000000000002,-0.011860899264089694,-0.0091,0.006326707605273438,0.012
19930730,0.016686974695319504,0.0092,0.04654263761793999,0.0282,0.025323320699926932,-0.018500000000000003,-0.013884607037400735,0.020499999999999997
19930831,0.002001047979796,0.0011,0.013609391511224436,0.0014000000000000002,-0.004814447567142076,-0.0154,-0.028890275590259258,-0.0003
19930930,0.029029676561077286,0.0294,0.03206122236677898,-0.0034999999999999996,0.028416998522339858,0.0025,-0.0169114581557328,-0.0016
19931029,0.01660120550071311,0.0189,-0.03733475109434728,-0.0278,-0.004729246367927403,0.0058,0.014995783137273896,0.006
19931130,-0.014514240955023261,-0.0118,-0.006572356378706554,-0.0066,0.016348801902173277,0.0219,0.009022611221840199,-0.009399999999999999
19931231,0.013905143929200739,0.0138,0.028796093486324333,0.0027,0.039332942374569926,0.011699999999999999,-0.023012512665870198,-0.0034000000000000002
19940131,0.004056139434224074,0.0008,0.0034931986894358585,0.0128,0.009450420473185582,-0.0175,0.005442358662688149,0.0143
19940228,0.023845957227857446,0.026699999999999998,0.004459545101892386,-0.015600000000000001,0.028456933370790236,0.0215,-0.005918698796052307,-0.01
19940331,-0.009123617820127744,-0.0109,0.01663305667488473,0.0155,0.0043213037654911204,0.0070999999999999995,0.01435746907348219,0.0128
19940429,-0.012044121523277955,-0.01,0.02703003934836938,0.0166,0.04395728965910428,0.0106,0.010293906641426279,0.0111
19940531,-0.0195884723091201,-0.0253,0.013481416709075825,0.006999999999999999,0.003954780556589982,0.006,0.008215183484332748,0.0068000000000000005
19940630,-0.0015478166423514884,-0.0048,0.036363856844588524,0.0167,0.03221273996327853,0.0121,0.006539085461006282,0.0147
19940729,-0.012869148710877666,-0.0179,0.008062328792403643,0.005699999999999999,0.0009600936457597985,-0.006,-0.014072263178046343,0.0011
19940831,0.011930477092094924,0.0138,0.003974514702143238,-0.025,0.016102264973961222,0.0096,-0.015619569271939901,-0.0147
19940930,0.02137264017997922,0.0276,-0.009296525170691638,-0.0184,0.0022409125240429144,0.0053,-0.01252354954523998,0.009000000000000001
19941031,-0.028062513414084795,-0.0231,0.0042969750290186536,-0.0163,0.0287576095321949,0.0024,-0.027355069393001755,-0.0069
19941130,-0.002500470881246157,0.0013,-0.007110379642013075,-0.0073,0.018281189957161097,0.004,-0.009917989066289268,-0.0039000000000000003
19941230,-0.00271148007262164,-0.0004,0.027039752190811426,-0.0009,0.036180131589006057,0.0039000000000000003,-0.006636891058092791,0.003
19950131,-0.024784595773088856,-0.0302,-0.00704102657347986,0.025099999999999997,-0.01426013488093563,0.002,0.017282819835651747,-0.0076
19950228,-0.004861798827469142,-0.0054,0.01210948755940218,0.0109,0.02344464942257125,0.005600000000000001,-0.003073430789392907,-0.0028000000000000004
19950331,-0.008317658240717684,-0.0053,-0.013308763013935233,-0.0208,0.01279665422213172,-0.0013,-0.017379397065895023,0.0024
19950428,-0.0002912488684330694,-0.0022,0.017497921836714572,0.017,0.01909026966748801,0.004,0.009879544680242262,0.0089
19950531,-0.020297996400538185,-0.0218,0.01012359334976834,0.0227,-0.004481621409083231,0.0036,0.014379453085516868,0.001
19950630,0.0201741752647784,0.030299999999999997,-0.024112982659633325,-0.0254,-0.01565427812617809,-0.0034999999999999996,-0.01714996705572587,-0.0248
19950731,0.019211382899465806,0.0208,0.011267979267004763,-0.0159,0.011818548739366552,0.0028000000000000004,-0.03853297314541651,-0.016399999999999998
19950831,0.020888085182290524,0.0176,0.007744731847000932,0.0281,-0.005486057503153754,-0.012199999999999999,-0.019245226053886996,0.0161
19950929,-0.020313572279180098,-0.019,0.003844353993747565,-0.0005,0.010845606134628191,0.0102,-0.015112140609940272,0.0038
19951031,-0.04863937875460991,-0.0407,0.02451312410755068,-0.0051,0.0691825026260955,0.018600000000000002,-0.01381871585907022,-0.0004
19951130,-0.012213749061050667,-0.010700000000000001,0.011480304144658109,0.0058,0.01714641570241854,-0.005600000000000001,-0.0007015055748234335,0.0113
19951229,0.004575374249477737,0.0073,0.00366526478645335,0.0018,0.007241228710634092,-0.0138,0.010540948836997382,0.0308
19960131,-0.020754483472161574,-0.0256,-0.018270355062672373,0.004,-0.005346903019201744,0.0019,0.014270686913653678,0.0231
19960229,0.016005209040599436,0.0176,-0.011906012090535354,-0.010700000000000001,-0.00586639472781849,0.0024,-0.007427972671296322,-0.0189
19960329,0.014073951050885896,0.016399999999999998,0.0037076152359147366,0.0036,0.014431061951546288,0.0148,0.0050795677824519575,-0.0096
19960430,0.03584728818569206,0.047,-0.03275267634412726,-0.0405,0.00675237757279025,-0.0016,-0.022974899047457392,-0.021099999999999997
19960531,0.02331338502882518,0.0322,-0.022680552090381507,-0.0089,-0.01701928212699219,0.0016,0.00453140218065546,-0.003
19960628,-0.03368112609757896,-0.0364,0.025591810328539848,0.023799999999999998,0.04239931879685705,0.0348,0.027389861420774098,0.012
19960731,-0.038880818910976916,-0.038,0.04084483614933862,0.051399999999999994,0.07438149247506513,0.0297,-0.008452072170754818,0.0256
19960830,0.02775149601191091,0.0258,0.010464561436394307,-0.0074,0.011178310427166549,-0.0040999999999999995,-0.027773199189529137,-0.024
19960930,-0.023861716967794586,-0.0139,-0.0023282346190132072,-0.027000000000000003,0.014483282225153188,0.0123,-0.03369070206160685,-0.0222
19961031,-0.03655756031364936,-0.037599999999999995,0.04722880014408995,0.049400000000000006,0.07284096690934287,0.0138,-0.011950827912122784,0.0326
19961129,-0.03686652332946747,-0.0382,0.02252951994544814,0.0139,0.044335745494403916,0.021,-0.008588434747583362,-0.0078000000000000005
19961231,0.027379846880867066,0.0326,0.032326750911859825,0.0132,0.028335505073102066,0.0038,-0.0125148739963361,0.0147
19970131,-0.013652910002855054,-0.0182,-0.042265476272950867,-0.0146,-0.0029489649153164738,0.012199999999999999,0.004962858105880583,-0.0013
19970228,-0.024225221140525156,-0.0256,0.03397650066852307,0.056900000000000006,0.014419464657161568,0.006500000000000001,0.021655759951699972,0.0348
19970331,-0.0007491998720805179,-0.0043,0.03704049530180079,0.034,0.045059128991766784,0.0045000000000000005,0.005994502742907838,0.0171
19970430,-0.06429529805186915,-0.0571,-5.8815720851822934e-05,0.0007000000000000001,0.07357047174580868,0.032400000000000005,-0.021467342942574002,-0.0070999999999999995
19970530,0.04808819363344399,0.0475,-0.017139938865684767,-0.0412,-0.03474297094497747,-0.0102,-0.023345242419840914,-0.029500000000000002
19970630,0.0025771900895248806,0.0121,0.013338087907382674,0.0159,0.0328605667753799,0.005600000000000001,0.0022948437211153735,0.0063
19970731,-0.024195126588217715,-0.0277,0.027056161965505948,0.0029,0.03344984289348844,0.0007000000000000001,-0.047850318814154025,-0.0255
19970829,0.08054760969518432,0.07629999999999999,0.020546351818794495,0.012,-0.02429797344926792,-0.0109,-0.016376382061662753,0.0009
19970930,0.028079865513573832,0.024900000000000002,0.004785998387720508,0.0038,-0.006455054685858941,-0.016200000000000003,-0.027886090494843196,-0.0085
19971031,-0.004206547898215236,-0.0055000000000000005,0.016284400421503684,0.0225,0.019686283864586145,0.0104,0.0040309689688836775,0.018799999999999997
19971128,-0.05794392357408782,-0.051,0.027057857619434446,0.011899999999999999,0.05389079428134833,0.0281,-0.018465308286843302,0.0167
19971231,-0.015024895815733446,-0.020099999999999996,0.07318750042702249,0.038599999999999995,0.05257669121069451,0.008,-0.015436064370444365,0.0199
19980130,-0.014161939717468802,-0.013600000000000001,-0.02771554764581193,-0.0159,-0.01228857354950496,0.0087,0.0029768911335614125,-0.0084
19980227,0.0010802351261691434,0.002,0.009452548769310884,-0.0085,-0.004773834147772521,-0.0034000000000000002,-0.013892069308901342,-0.0232
19980331,-0.008064674181963057,-0.0063,0.005776519933553083,0.0141,0.0013501729851203778,-0.0029,-0.0022245301875930754,-0.0040999999999999995
19980430,0.002941545148587455,-0.0005,-0.005527207151583429,0.009000000000000001,0.0006633773928022696,-0.0167,0.007009866998234429,-0.0044
19980529,-0.030095338292214724,-0.0292,0.01076519197122872,0.034,0.022268260228603575,0.0108,0.022652873151938164,0.0274
19980630,-0.047463488849079416,-0.036699999999999997,0.013443834363297841,-0.0196,0.045415323667745915,-0.0026,-0.023656583639092482,-0.0313
19980731,-0.060841172600734184,-0.0527,0.022166546179803515,-0.0176,0.027139429574914505,0.0172,-0.034570752889183994,0.0045000000000000005
19980831,-0.058085102426218005,-0.051699999999999996,0.021302488435439332,0.036000000000000004,0.07431319946202025,0.0344,0.01351289414821144,0.058899999999999994
19980930,-0.0010272605256860384,-0.0077,-0.020718855153903926,-0.0337,-0.0388333867456279,-0.019,-0.025581972889549894,-0.0297
19981030,-0.035807717481546805,-0.0342,-0.013458236414333656,-0.0229,0.02060025013804935,0.009399999999999999,-0.008328822810969187,0.0032
19981130,-0.000237048066492343,0.0070999999999999995,-0.02567723188424538,-0.0323,-0.01937497079312006,-0.0091,-0.002854818756839808,-0.011399999999999999
19981231,-0.02124433722235574,-0.015700000000000002,0.005241784162796144,-0.0418,0.013302347229283591,-0.0076,-0.06447814628803865,-0.0341
19990129,-0.005999345686420916,-0.0073,-0.048942816786837366,-0.0462,-0.07449501282441023,-0.0279,-0.009464465494956942,-0.0678
19990226,-0.047085663992870855,-0.052000000000000005,0.02308876415329958,0.018799999999999997,0.020616156903473577,-0.011699999999999999,0.008275913129857815,0.0406
19990331,-0.04254037498875244,-0.042300000000000004,-0.0042733743479363845,-0.0277,-0.02322119062793948,-0.040999999999999995,0.0059524861532674455,-0.0141
19990430,0.03972281899344218,0.0453,0.030861645252214097,0.0241,-0.0018143356238395913,-0.0255,0.03850889178524719,0.009300000000000001
19990528,0.05061878554439289,0.0374,0.01488260110539033,0.023,-0.012310980667914712,0.01,0.02257689736873976,0.0332
19990630,0.002215353085914619,0.023,-0.012643449403676552,-0.0326,-0.002098004089730987,0.011200000000000002,-0.014101678296589051,-0.032400000000000005
19990730,0.0200233732391683,0.025699999999999997,0.01639408488641929,-0.0042,0.019432678489839896,0.0038,-0.03184245297556672,0.0319
19990831,-0.029529006042034997,-0.0172,0.0010893170925123548,-0.0184,0.0021858457816517837,-0.0021,-0.02419025682645752,0.0063
19990930,0.015298680507193116,0.0262,-0.007718070003406442,-0.0348,-0.04330102886520591,-0.0074,-0.055975351513984035,-0.011699999999999999
19991029,-0.08133951602938054,-0.0689,-0.015660463959981438,-0.0337,0.01796922455154169,-0.0172,-0.047766959665971366,-0.012199999999999999
19991130,0.05051682717642865,0.057999999999999996,-0.02724593960441496,-0.0616,-0.136546223076628,-0.0429,-0.03751762037698915,-0.0178
19991231,0.02702772764725414,0.053399999999999996,-0.047970104287569884,-0.0832,-0.1509833236236543,-0.076,-0.05651273040342446,-0.056100000000000004
20000131,0.04147334266986203,0.044500000000000005,-0.08121829046875975,-0.0189,-0.10726855440077043,-0.0629,0.021328204528392403,0.047400000000000005
20000229,0.13816412024730113,0.1838,-0.09693812129228435,-0.0981,-0.23309447521049573,-0.18760000000000002,-0.035866622159084094,-0.0034999999999999996
20000331,-0.10671982166963162,-0.1539,0.011386997445856573,0.0823,0.08433248171395154,0.1182,-0.006232393378432559,-0.0161
20000428,-0.022801178034116992,-0.0496,0.07208447020804531,0.0725,0.14015014496374917,0.0767,0.03666174621334051,0.0562
20000531,-0.04670566786542603,-0.0387,0.04805741491612243,0.0483,0.09021960190753335,0.0418,0.045935801248105035,0.0132
20000630,0.04801688821808821,0.0987,-0.060534209696571244,-0.08410000000000001,-0.09828577058797361,-0.08259999999999999,-0.03536309822261528,-0.0291
20000731,-0.0003410315525356651,-0.0102,0.06395640366631068,0.0833,0.06848723951064417,0.060899999999999996,-0.016088165027351938,0.0296
20000831,0.003394372033642512,-0.0101,-0.004026098341840631,-0.0137,-0.03430045055877835,-0.0301,-0.026293374161809657,0.0106
20000929,0.019953834865199478,0.0026,0.05765532923027745,0.0717,0.07419403545872333,0.028900000000000002,-0.02911378133792049,0.0556
20001031,-0.037354559052375655,-0.027200000000000002,0.03786989748603721,0.0564,0.08508245798928571,0.0928,-0.006121841538544996,0.0384
20001130,-0.002000829909241414,-0.0058,0.08643495725404543,0.1234,0.17811633393744258,0.1338,-0.011012829437563154,0.0842
20001229,0.04595841479833993,0.033,0.11441615066875727,0.076,0.11251355264500956,0.024399999999999998,-0.00605915778647215,0.0479
20010131,0.1038239313619722,0.0545,-0.18937629476040355,-0.051100000000000007,-0.2602749381058853,-0.0546,0.05908155845172203,-0.050499999999999996
20010228,0.05238503761701141,0.0279,0.0963577735801722,0.12480000000000001,0.12034214333774872,0.09119999999999999,0.03133041522160224,0.0906
20010330,0.031845056365498045,0.0236,0.0805968968842043,0.0643,0.1395921747337931,0.0339,0.023227432607334633,0.039
20010430,-0.02101400510260827,-0.0088,-0.041950074005440485,-0.046900000000000004,-0.04779913347210332,-0.0348,-0.04145296510334892,-0.0318
20010531,0.060161587600779366,0.0359,0.030531068340019174,0.0336,-0.01534654700456075,0.0025,0.010145549977769286,0.0191
20010629,0.06534374394367481,0.06570000000000001,-0.0011589468692861735,-0.0113,0.032443020404556766,0.0127,0.033246794335073084,-0.0151
20010731,-0.024095672308705886,-0.028300000000000002,0.03552333801414976,0.0521,0.11763734117016098,0.0742,-0.06105198130975693,0.0304
20010831,0.0340326061822033,0.0271,0.030906702598922843,0.023,0.06743859670846375,0.0406,-0.03622474773779055,0.06559999999999999
20010928,-0.05604465487435338,-0.057300000000000004,0.04073352828372037,0.0146,0.1342026728018615,0.050300000000000004,-0.11509674729041108,0.0322
20011031,0.04485013753145159,0.0528,-0.09903808389208732,-0.0766,-0.11117890651524973,-0.0301,0.06099159679787096,-0.0455
20011130,0.011886068794658922,-0.0031,-0.0009081020899783243,0.0222,-0.08450656880724776,-0.0374,0.0723584421820038,-0.0166
20011231,0.055785576152149886,0.0516,-0.028613041614783966,0.0085,-0.028356225770392443,0.0034999999999999996,0.0012337263971823054,-0.0028000000000000004
20020131,0.009083543613261788,0.0125,-0.015512562196655769,0.0344,0.029478455139926203,0.046900000000000004,0.032207356631679875,0.0285
20020228,-0.007281240353550267,-0.0036,0.05973090494441924,0.0216,0.11202608566260357,0.0806,-0.06200268041450606,0.051
20020328,0.0472253579379305,0.0424,-0.01409065906600615,0.0106,-0.023991433407918455,-0.0178,0.037992863743020404,0.0059
20020430,0.0779366628462875,0.0673,0.050436579011793325,0.0388,0.09260191730280888,0.045899999999999996,-0.021545257642123963,0.0537
20020531,-0.03288664868340649,-0.0302,0.011160222757454246,0.015300000000000001,0.06020203912400188,0.0235,-0.03701933552867591,0.0242
20020628,0.01887489985093299,0.0388,0.03798909862488502,-0.0003,0.11623542014276828,0.0393,-0.05420948920786653,0.025099999999999997
20020731,-0.06983124032974107,-0.0642,0.021217042500496733,-0.0387,0.09559757976269828,0.037599999999999995,-0.07305498556180598,-0.0102
20020830,-0.0064663282602323196,-0.0132,0.013306998045049052,0.0331,0.042215366553539094,0.0134,-0.0024417421793894566,-0.014199999999999999
20020930,0.023618308674277874,0.031,0.06195011052626453,0.0144,0.09747589006853496,0.0326,-0.06429942629562116,-0.0222
20021031,-0.034303419572966176,-0.043,-0.05421476642041021,-0.0395,-0.05351621616787641,-0.0336,0.022204602887194516,0.0078000000000000005
20021129,0.05979947521449536,0.029500000000000002,-0.09162998323176408,-0.0127,-0.21478963870918996,-0.0919,0.12059331777476576,0.051500000000000004
20021231,-0.000582106898905338,0.0064,0.06295912768154314,0.0213,0.11920112933946111,0.06269999999999999,-0.06523117270290128,-0.0169
20030131,0.0016130067273552491,0.0067,-0.008052336005429612,-0.0073,-0.017086245623278453,-0.0103,0.008309172319252295,0.0076
20030228,-0.01749106395209305,-0.009300000000000001,0.010350675207364993,-0.0138,0.030809713998228985,0.0087,-0.026061102196912007,-0.0060999999999999995
20030331,-5.3801848511728784e-05,0.0068000000000000005,-0.018841181641558534,-0.019299999999999998,0.005560157932093853,0.0187,-0.005108289657243642,-0.0076
20030430,0.026387343928753595,0.0105,-0.026488351166330776,0.011699999999999999,-0.07720572768516731,-0.0467,0.050784517625740974,0.0108
20030530,0.06946350951563765,0.048499999999999995,-0.07952229663375328,0.0053,-0.1836616818734495,-0.0702,0.13208907032769665,0.0302
20030630,0.020546728064971882,0.0166,-0.02729416838173882,0.0019,-0.018239683579812413,0.0044,0.020255660039460777,-0.0034000000000000002
20030731,0.04707618520081821,0.0458,0.010761376877863618,-0.011899999999999999,-0.02221997107185255,-0.042300000000000004,-0.03721338294985026,0.018500000000000003
20030829,0.02807015919110157,0.0252,0.02521622242749623,0.0154,-0.02943421862860718,-0.022099999999999998,-0.003265847644813545,0.0213
20030930,0.0018464853322789389,0.0055000000000000005,-0.010049958723009811,0.001,-0.010567499555693414,0.0106,-0.007902479369751733,0.0034000000000000002
20031031,0.028111483804722052,0.026699999999999998,0.03158580883711325,0.0192,-0.019431721964804624,-0.013000000000000001,-0.010960667867773569,0.0148
20031128,0.025042872933173595,0.0225,0.013309939443828307,0.0181,0.018217742979006003,0.0012,0.006490671995993208,0.0181
20031231,-0.020884329663558417,-0.0253,0.022104276274011438,0.016,0.01267923892002246,0.0051,0.014364178058386481,0.0095
20040130,0.02804820487488669,0.024399999999999998,-0.01594472851796258,0.0246,-0.07290441044239172,-0.0366,0.03994007424185532,0.0339
20040227,-0.008114601637956576,-0.0088,0.007515308577730592,0.0087,0.04272360475256966,0.0215,-0.016570452830175355,-0.012199999999999999
20040331,0.020989952565310808,0.0212,0.013371172720766362,0.0023,0.027384300835125403,0.0161,-0.016633387920254802,-0.009899999999999999
20040430,-0.027422506127848523,-0.0207,-0.017477700452988625,-0.0302,0.04913351157259001,0.0342,-0.01934127016358009,-0.0276
20040528,-0.003684534951084815,-0.0042,3.966677352665749e-05,-0.0023,0.007731501823057669,-0.0115,-0.0037810041423657448,0.0
20040630,0.026241021289820504,0.025699999999999997,0.019823402710783096,0.0123,0.012800914341035424,0.011899999999999999,0.00024539849196499736,-0.0038
20040730,-0.034600580760253345,-0.029500000000000002,0.0610620195083945,0.0322,0.08107635057668175,0.053099999999999994,-0.018697977363716756,-0.0166
20040831,-0.014207893377079277,-0.0115,0.005661998809116086,0.01,0.015392318091641113,0.0124,-0.018126725337173452,-0.0144
20040930,0.03553483313504334,0.0327,0.009614686350517734,-0.0002,-0.0026500930441900883,-0.0144,-0.02731031976459647,-0.0189
20041029,0.004423974411434287,0.0019,0.00958903193196477,-0.0025,0.006978080449265237,-0.0049,-0.0007846301704170326,0.0049
20041130,0.048192819573008146,0.041100000000000005,0.007237582373842796,0.014499999999999999,-0.02393338843894463,-0.0059,-0.014555049479789417,-0.0021
20041231,0.004059842803170621,-0.0005,-0.014099384192891362,-0.0021,-0.03243757654442329,-0.011699999999999999,0.006645186341735908,0.0046
20050131,-0.015654064015445134,-0.0118,0.03081872009833101,0.0207,0.05174841195447939,0.027200000000000002,-0.01651377622128236,-0.0146
20050228,-0.005280651206048918,-0.003,0.015462552372008121,0.0154,0.0449614945222825,0.014199999999999999,-0.017300823120820055,-0.0005
20050331,-0.012062322240961699,-0.014199999999999999,0.018498039600386457,0.020499999999999997,0.036564744783359734,0.0045000000000000005,0.00464031462888153,0.0129
20050429,-0.04533372853338008,-0.0398,0.00864565871508001,0.0005,0.03600080475197376,0.009399999999999999,-0.011038343717881392,-0.0095
20050531,0.029287549954377948,0.0279,-0.01797943112908544,-0.0059,-0.019064322740396503,-0.0095,-0.011591995119897863,0.0029
20050630,0.036028352832055854,0.032799999999999996,0.02616747604467103,0.0281,0.0002441462663251501,0.0096,-0.0038791358711300176,-0.0052
20050729,0.025074106020079742,0.0279,-0.0065299511117584835,-0.0078000000000000005,-0.01295742696066722,-0.0123,-0.017517448476134657,-0.008100000000000001
20050831,-0.007505092707217317,-0.009000000000000001,0.022610570506895494,0.0134,-0.004483721048921554,-0.021099999999999997,-0.03068957386139662,0.0036
20050930,-0.0051992284930592395,-0.0036,0.007437591800114987,0.0069,0.0013870164827481531,0.0027,-0.02720180720303401,-0.006
20051031,-0.01610715923088951,-0.0143,0.01738693662488422,0.0040999999999999995,0.037651711746645576,-0.009399999999999999,-0.02182473011403708,-0.0129
20051130,0.008789119948077531,0.0084,-0.007053414224753911,-0.012,0.009783007921699925,-0.0074,-0.010906931912871252,-0.011399999999999999
20051230,-0.0012551737198874795,-0.002,0.006682597680598576,0.0022,0.00938810521109976,0.0021,-0.00233609983242193,0.0023
20060131,0.057763745882831424,0.057699999999999994,0.0025220104891998107,0.0109,-0.02463955791581169,-0.0066,-0.0072775172340217575,-0.0043
20060228,-0.004645765758009424,-0.0043,-0.019169606935163626,-0.0037,0.015528038717281742,-0.005,0.01154000325108788,0.019
20060331,0.031814220737468805,0.034,0.0010593540813752939,0.0055000000000000005,0.0019586244819110935,0.001,0.0049627086861954925,-0.004
20060428,-0.009788584543486295,-0.0085,0.03801842721327698,0.023399999999999997,0.018178834313768103,0.0179,-0.005307506067694581,-0.0001
20060531,-0.02491729997066578,-0.0286,0.02165876998488507,0.0239,0.01515745480812436,0.0115,-0.001561734019801711,0.0146
20060630,-0.005542840402452264,-0.0022,0.018519881688302445,0.008,0.027978459134684837,0.013300000000000001,-0.010334360748498965,-0.0008
20060731,-0.03903633193969334,-0.0364,0.029395574559081716,0.0262,0.052902265382140344,0.016399999999999998,-0.0069538520996331975,0.009000000000000001
20060831,0.007104149859715598,0.0042,-0.0218233226618987,-0.0204,-0.032805296848781675,-0.019,-0.0026906122220090763,0.0215
20060929,-0.013826151600830231,-0.0143,0.010123797937859738,0.0006,0.006376523112480344,0.0086,0.0029235519160034883,0.005699999999999999
20061031,0.022260528505064575,0.0195,-0.006736762697930707,-0.0026,0.0004313017247437323,-0.0016,-0.015358822511468084,0.0028000000000000004
20061130,0.007129850200996615,0.0073,0.00861527560500222,0.0011,-0.0056292130711829425,0.0018,-0.012902519679145009,-0.0083
20061229,-0.004712548456704085,-0.008,0.01501269926899955,0.0271,0.01649064201268306,-0.0070999999999999995,-0.0009561925165864661,0.020499999999999997
20070131,-0.0029235775757377493,0.0009,0.006080336536994184,-0.006999999999999999,-0.006336962631402623,0.0027,0.004554998472218914,0.0036
20070228,0.011526647211293262,0.0128,0.004196278837625821,-0.0012,-0.004343145288727302,-0.005,0.0039333485227517635,-0.0072
20070330,-0.0014481134172460615,0.0018,-0.006236704256776797,-0.009399999999999999,0.004359760281153253,0.0060999999999999995,-0.00964871835068554,-0.0066
20070430,-0.024979338603100268,-0.0206,-0.01684382875244008,-0.0143,-0.0021734936772390308,0.011000000000000001,0.002223058110662854,0.0105
20070531,0.005277953391422251,0.0038,0.013879868630347039,-0.0062,0.013081714753490944,0.0155,0.0018479849226664229,-0.013600000000000001
20070629,0.0036851974677991027,0.0075,-0.012179238090867635,-0.010700000000000001,0.016665427346416628,0.0053,-0.0064181785694942175,0.0008
20070731,-0.0337113427233953,-0.0298,-0.005604954830079438,-0.0373,0.04010294117098682,0.0019,-0.022764071672957437,-0.0111
20070831,-0.0010769878479464593,-0.0038,-0.0034437403780217214,-0.0189,0.02772623159752697,-0.0123,-0.0316544545862731,-0.0054
20070928,-0.028014605181280145,-0.0242,-0.008731018828885558,-0.0223,0.02302704516394817,-0.005600000000000001,-0.03968522996585594,-0.0302
20071031,-0.004135220345320307,-0.0004,-0.01137904153659468,-0.0311,0.037206645901639385,-0.0031,-0.020697825844650408,-0.0012
20071130,-0.029767290956809717,-0.0302,0.005297999532743181,-0.009399999999999999,0.083983895269481,0.018799999999999997,-0.024229123699151228,-0.0027
20071231,0.005315647600946264,0.0018,0.014317717227730982,-0.0052,0.034330082397661936,0.008199999999999999,-0.005942290717501946,-0.0106
20080131,-0.004329935929622511,-0.0060999999999999995,0.029961894159762303,0.0401,0.01826556224187667,0.022099999999999998,0.02300432878218469,0.0213
20080229,-0.0065278837702273385,-0.0064,-0.007158372075520631,-0.0084,0.04553758066621662,0.0083,-0.026857793646197566,-0.009300000000000001
20080331,0.009425465970166845,0.0060999999999999995,0.004095810706188342,0.0034999999999999996,0.07583670274918557,0.008,0.0074926431842318834,0.0051
20080430,-0.018251693029276414,-0.011899999999999999,0.0006007191607761697,-0.0109,-0.036553478267132705,0.0168,-0.021896896739380372,-0.0246
20080530,0.026984945060697898,0.0302,-0.021962579508382693,-0.015300000000000001,0.022912886949915,0.0091,0.007308951693849666,-0.0006
20080630,-0.0034733294877520166,0.011899999999999999,-0.038135940448669484,-0.027000000000000003,0.06324724146865024,0.049400000000000006,-0.0027390752226113674,-0.005600000000000001
20080731,0.04448054550866531,0.037000000000000005,0.051345141574615664,0.0527,0.004725588038366379,-0.013500000000000002,-0.022700254624277966,0.0103
20080829,0.03016948901285941,0.034,0.016548182672362893,0.0148,0.041128045808691276,0.018799999999999997,-0.006177591095966106,0.0085
20080930,0.012536957988482561,0.0025,0.08249679021956138,0.059000000000000004,0.04844027755440264,0.0241,-0.04547020131258353,0.018000000000000002
20081031,-0.04729669313959689,-0.032799999999999996,0.03816057630742034,-0.0222,0.09475354932570496,0.029900000000000003,-0.11411997345823316,0.0204
20081128,-0.06360046862199946,-0.0392,-0.016511245236134592,-0.063,0.08934140736142322,0.0452,-0.07062085743565516,0.0274
20081231,0.048102654937293446,0.0331,-0.0003749186286892761,0.0007000000000000001,0.025573148281339435,0.0013,0.018605058822827824,-0.0151
20090130,-0.029154663359926905,-0.0208,-0.10765185417668521,-0.11109999999999999,0.015697411984157736,0.0011,0.00715212654091181,-0.011899999999999999
20090227,-0.01970247107017921,-0.013000000000000001,-0.061785023990966,-0.0691,0.09512024694775736,0.0111,-0.031658495517909974,-0.0105
20090331,0.009372438379939119,0.0066,0.03194241308140805,0.0334,-0.12864881407114137,-0.0252,0.09661208807142957,-0.0219
20090430,0.12461580958773971,0.0704,0.024338562173922718,0.0526,-0.07660329860475318,0.0128,0.10938485218903143,0.0011
20090529,-0.005237117857029794,-0.0231,-0.010384051167396185,0.0037,-0.0871636490579939,-0.0074,0.0497499924090449,-0.022000000000000002
20090630,0.024678545223758227,0.0231,-0.04712652445871668,-0.027200000000000002,0.024242939173044955,-0.0134,-0.0007669130675279218,-0.0031
20090731,0.028464332720966434,0.024,0.04598573428768206,0.0484,-0.004784513661653431,-0.0036,0.02287024934199236,0.0315
20090831,0.012611537509090373,-0.0008,0.0764714733845363,0.07629999999999999,-0.029448899351646914,-0.0292,0.042409043866515686,0.033
20090930,0.027448714729184885,0.027200000000000002,0.014704038673532135,0.0104,-0.025085366496005207,0.0125,0.0123840842363801,0.0034999999999999996
20091030,-0.05207009901759456,-0.0492,-0.017765928835329584,-0.042,0.07735892522594524,0.0417,-0.03366135873896237,-0.0146
20091130,-0.03549164657672438,-0.0268,0.0006400880381806223,-0.0033,0.030711237884883825,0.0098,-0.01780745588958902,0.0011
20091231,0.05627078688235987,0.062400000000000004,-0.0029300631711688674,-0.0017000000000000001,-0.024519832356259146,0.0105,0.013041403162918491,-0.001
20100129,0.00811356358950846,0.0034999999999999996,0.012354988146936769,0.0043,-0.014403583430277919,-0.0123,0.012374623650926384,0.0044
20100226,0.01408668817539967,0.0151,0.03046477979425559,0.0322,-0.0056217699053250775,-0.0028000000000000004,0.002987550017388138,0.013999999999999999
20100331,0.024498609713460275,0.018500000000000003,0.023204179365391875,0.022099999999999998,-0.01696134998666808,-0.0063,0.009783922368122491,0.0167
20100430,0.05315344043299297,0.049800000000000004,0.016928804220469863,0.028900000000000002,-0.0385704620947631,0.006999999999999999,0.04364068160301727,0.0174
20100528,-0.0019268920614256696,0.0004,-0.009505479939170294,-0.024399999999999998,0.03376775146938822,0.0127,-0.005092152946638229,-0.0023
20100630,-0.02473224021757036,-0.024700000000000003,-0.029952416861237036,-0.047,0.04054584067479268,-0.0018,-0.02636360811333535,-0.0155
20100730,0.003542815351573275,0.0016,0.0028733835829926335,-0.003,0.016112741833957472,0.0026,-0.01621478659520828,0.0199
20100831,-0.03622053627810307,-0.0311,-0.0072195368325667225,-0.0196,0.0314183737807686,0.0058,-0.01396615360819796,-0.0166
20100930,0.03940654972160082,0.037599999999999995,-0.030783358975799868,-0.0317,0.010839694135311773,-0.0019,-0.021542251580886518,0.0037
20101029,0.0028597553229120914,0.0086,-0.02643853737524035,-0.024900000000000002,0.01977453897364417,0.0127,-0.03730892264382233,-0.0031
20101130,0.032865568483046025,0.0366,0.0013875477583730929,-0.0088,0.02518899028175671,0.004,-0.02621277225371353,0.0151
20101231,0.0222744824625227,0.0098,0.022818761138511015,0.0378,-0.05104707537598685,-0.0353,0.016462120690724877,0.0316
20110131,-0.023405222668792545,-0.023700000000000002,0.02126867460362379,0.0077,0.012688366484642947,-0.006500000000000001,-0.009761087576804914,0.0083
20110228,0.01984173329720873,0.0161,0.02470917311901781,0.0124,0.013222170901928974,-0.019299999999999998,-0.008127741564636429,0.0087
20110331,0.024022429222534936,0.0264,-0.02424067210050005,-0.018799999999999997,0.01768503414724156,0.0179,-0.016314615060910864,0.0
20110429,-0.008043725614739632,-0.005,-0.02213667551026806,-0.0248,0.006195961523220359,0.0108,0.0044449913978230025,-0.0085
20110531,-0.007264746941538818,-0.0070999999999999995,-0.02162398043102741,-0.02,0.02014344383531932,0.018799999999999997,0.003930220719366034,-0.0146
20110630,-0.004079348033595314,0.0013,0.01325504132227412,-0.0038,0.02215151788609968,0.024399999999999998,-0.0071166494968695065,-0.0148
20110729,-0.019091028112621766,-0.012199999999999999,-0.005394151690621879,-0.0091,0.025001482930019386,0.0273,-0.03529301024805172,-0.0178
20110831,-0.0322296487319207,-0.0322,-0.005068873962787213,-0.024,0.06273660009219179,0.033,-0.026120924957231603,-0.0031
20110930,-0.04303231500519886,-0.036699999999999997,-0.021889068038898507,-0.0176,0.02560198058052901,0.0203,-0.013175984481267014,0.0021
20111031,0.04566357695302402,0.0348,0.027967323573352756,0.0012,0.0015937833395571754,-0.0215,-0.0389114948206586,-0.0087
20111130,-0.006505498835210118,-0.0028000000000000004,0.0003805815319515571,-0.0046,0.06170213759171317,0.0183,-0.02264193959277616,0.0151
20111230,-0.000598373701741377,-0.0033,0.01561043102585638,0.0161,0.022928291462600968,0.0101,0.015995174216991526,0.024900000000000002
20120131,0.02387856155241816,0.0207,-0.017092800168713812,-0.009399999999999999,-0.04375286059346305,-0.020099999999999996,-0.0010992052550468367,-0.0146
20120229,-0.013948800352078627,-0.0171,0.013696482675870328,0.0043,-0.020857727698662176,-0.004699999999999999,-0.005882597998086825,-0.0004
20120330,-0.00018169480686508824,-0.0049,0.023654185037495674,0.011200000000000002,0.004402253772351136,-0.0055000000000000005,0.011289376994749155,0.0069
20120430,-0.012287889320353861,-0.0054,-0.00038503799296766075,-0.0077,0.013317512745321992,0.0131,0.00014251565081669498,0.0069
20120531,-0.0029840529468854737,-0.001,-0.0050934838395349236,-0.0106,0.0318986005377784,0.021,0.011641483240282746,0.023399999999999997
20120629,0.012177869070058474,0.008100000000000001,0.01502540582442266,0.0059,-0.0038599472540611773,-0.010700000000000001,0.01542203868006331,0.0044
20120731,-0.026684265632705054,-0.0276,-0.002577828432847184,-0.0012,0.037124328766752125,0.0113,-0.029729910874887314,0.0003
20120831,0.012376702209427045,0.0045000000000000005,0.025313673974121074,0.013000000000000001,-0.010985889801944308,-0.013300000000000001,-0.013093392407951893,-0.0088
20120928,0.009738183857044485,0.0064,0.007237279854365487,0.0158,-0.021688063416102375,-0.0151,0.004946992362723793,0.0151
20121031,-0.00506240075247489,-0.0091,0.04643221840958779,0.0356,0.005669847060531939,-0.0134,-0.007343970074898842,0.0255
20121130,0.00932946989295626,0.0044,-0.001225167283062649,-0.0083,0.016459368067504938,0.006500000000000001,-0.004183179352779463,0.0086
20121231,0.0265696967815991,0.0192,0.0442576172244141,0.0353,-0.019776500627998787,-0.018600000000000002,0.009864615737869606,0.0086
20130131,0.009478589886820439,0.0046,0.014545153761501353,0.0095,-0.02378029405526394,-0.019299999999999998,0.019230252811914275,0.0143
20130228,-0.00028246330336307787,-0.0029,0.019534215139753057,0.001,0.02462229940138453,-0.0066,0.00939815274917804,0.005699999999999999
20130328,0.007388373629990286,0.0087,-0.010316926798670537,-0.0023,0.005652507316923641,0.0013,-0.010406868807799216,0.0137
20130430,-0.02449425326653118,-0.022400000000000003,0.0027647808951940314,0.005,0.005410252004834832,0.0027,-0.007963247940041855,0.0039000000000000003
20130531,0.031408818960970454,0.0208,-0.0024332687396027217,0.026699999999999998,-0.021261684739812797,-0.0199,1.5726208426394828e-06,-0.009300000000000001
20130628,0.009247075414359592,0.015600000000000001,0.005084589309629252,0.0005,0.0045272167673336885,-0.0039000000000000003,0.02290162681600734,0.0001
20130731,0.02311464807599057,0.0181,0.003472810561054071,0.005699999999999999,-0.00023795017023593712,-0.013500000000000002,-0.005673528487229643,0.0053
20130830,-0.0025078215528997923,-0.0007000000000000001,-0.01237071333936816,-0.0268,-0.005658729341788585,0.0067,-0.03608313302710925,-0.0216
20130930,0.026557135634441793,0.0265,-0.010883315819089398,-0.0123,-0.010725281515104441,-0.005600000000000001,-0.013912443882866748,-0.013999999999999999
20131031,-0.014535739559482265,-0.015,0.02466016003353645,0.0126,0.03937366886269142,0.0276,-0.011292054795928309,0.0092
20131129,0.013741361198783032,0.013999999999999999,0.002978088208946836,0.0028000000000000004,-0.0028565590486676617,0.0016,-0.012352684259580658,0.0004
20131231,-0.0017761194345387622,-0.0044,0.0001743991080976129,-0.0001,-0.012104230413919375,-0.0046,0.002027272167662693,0.0008
20140131,0.00459146681760467,0.0059,-0.024447910959934725,-0.0202,-0.044036112805240064,-0.0388,-0.011255237773290305,-0.0143
20140228,0.003274507638869127,0.0016,0.00022853464371967724,-0.0031,-0.012232693204906435,-0.0023,-9.910900971589476e-05,-0.0048
20140331,-0.01188667053677697,-0.0113,0.04066374980164553,0.0492,0.03679583841860302,0.021099999999999997,0.005683781985372705,0.019799999999999998
20140430,-0.03976016669455888,-0.041299999999999996,0.014048978340963386,0.011399999999999999,0.04693629420790958,0.0345,0.0073451474549366645,0.0103
20140530,-0.014226642718985326,-0.0189,0.01001283294793295,-0.0013,0.01347849362482692,0.0005,-0.01293498179348126,-0.0101
20140630,0.029443373768122675,0.031,-0.010894863278833065,-0.0069,-0.041833674475049064,-0.018799999999999997,-0.002383430161058374,-0.0199
20140731,-0.04269451199869981,-0.042800000000000005,0.010490560056923691,0.0002,0.023003174646724786,0.0089,-0.01837963788009236,0.0049
20140829,0.004594671760315833,0.003,0.006519440005447109,-0.0044,-0.007958271240613615,-0.0062,-0.03238050545030606,-0.0068000000000000005
20140930,-0.040592903252360354,-0.0373,0.012007008234495312,-0.013500000000000002,0.00799325225218022,0.0131,-0.019482016562696505,-0.005
20141031,0.03433378262214301,0.0375,-0.0013434856275524182,-0.0183,0.03293609525651351,-0.0048,-0.028447685582465344,-0.0013
20141128,-0.02461868101115431,-0.0226,-0.02756637067612362,-0.030899999999999997,0.026356706588428997,0.0154,-0.004293201980032342,0.0025
20141231,0.024021951311244755,0.0287,0.00935299835607769,0.0227,0.005980680017596203,-0.012199999999999999,-0.0020293861646422523,0.0096
20150130,-0.013996719575480265,-0.009000000000000001,-0.02173801816200152,-0.0361,0.0130492651027789,0.016399999999999998,-0.017835348663181746,-0.0168
20150227,0.011897072250447144,0.0031,-0.0030887867431697996,-0.0187,-0.0206212894290898,-0.011200000000000002,0.008716719741552012,-0.0177
20150331,0.026866991476843266,0.031,0.0168200918134013,-0.0040999999999999995,0.02995927098521086,0.0015,-0.02883899379425714,-0.0054
20150430,-0.021825210092260534,-0.030699999999999998,0.009536009187841447,0.0183,-0.004224454586538057,0.0001,0.00767173422325444,-0.0064
20150529,0.000356448674876322,0.008199999999999999,-0.0007527307102504835,-0.0113,-0.011464119297727797,-0.0177,-0.010027527733803648,-0.0070999999999999995
20150630,0.021275084980073654,0.028900000000000002,-0.0007418626998246577,-0.0078000000000000005,-0.0076469602037202,0.0043,-0.019781717939570977,-0.015600000000000001
20150731,-0.04780166727392972,-0.0458,-0.009755973972223862,-0.0407,0.04882682091862291,0.0034000000000000002,-0.06323737596584485,-0.024700000000000003
20150831,0.009462942962735282,0.0027,0.028387711403207845,0.027999999999999997,0.017697206961206177,0.0064,0.01916526898042624,0.0126
20150930,-0.03461291234338298,-0.0278,0.029394667532426047,0.0058,0.0625838323056745,0.0183,-0.038064659197628595,-0.005600000000000001
20151030,-0.013210754933635785,-0.0206,-0.011839641292859582,-0.0045000000000000005,0.005571874966670581,0.0086,-0.0015777621414175547,0.0053
20151130,0.036656689470994534,0.0331,0.01486889847229535,-0.0039000000000000003,-0.005359557719036383,-0.027200000000000002,-0.025205515395024265,-0.0102
20151231,-0.03272066337678922,-0.0297,-0.0032562587093475023,-0.0259,0.0339738085258818,0.004699999999999999,-0.025114087036807987,0.0002
20160129,-0.030332459823002277,-0.0342,0.025349499929520458,0.0207,0.07490017807498361,0.0281,-0.008096121443364926,0.030899999999999997
20160229,0.009871300279833337,0.009399999999999999,-0.00820059806425195,-0.0058,0.04266089948958079,0.0332,0.010440864593279912,0.0196
20160331,0.01951731617999948,0.0101,-0.0016445282983273274,0.011000000000000001,-0.03703042315764257,0.0073,0.040774554231848045,-0.0002
20160429,0.0180003148798231,0.0116,0.025099391321520326,0.0319,-0.07686941344375664,-0.0292,0.0467681380860817,0.018799999999999997
20160531,-0.00942715969566106,-0.0064,-0.0021408333335740538,-0.0165,0.008634797354106506,-0.0109,-0.03589399110094584,-0.024900000000000002
20160630,0.001844253134479314,0.0043,0.0003828409735839866,-0.014499999999999999,0.02459555605428133,0.0146,0.03301887456009506,0.0194
20160729,0.024407458678228057,0.024900000000000002,0.0014874772130872294,-0.0129,0.007141673922315239,0.0124,-0.008015083482519073,-0.0118
20160831,0.01231537791372958,0.0169,0.026205466861922842,0.0311,-0.00416472995932499,-0.0189,-0.01525218694879208,-0.0034000000000000002
20160930,0.019818559285741128,0.0187,0.000809905076194193,-0.0121,-0.03229196919059624,-0.0223,-0.0003939984379369675,0.0002
20161031,-0.03153279767982191,-0.0405,0.049598096116628056,0.0412,0.047912634782732326,0.0097,-0.014665634393525133,0.0023
20161130,0.07454656421189813,0.0704,0.07368726187333771,0.0821,0.002603390980788406,-0.0017000000000000001,0.021467819259915893,0.037000000000000005
20161230,0.006657259772565354,0.004,0.02729037831187798,0.036000000000000004,0.03692121153515317,0.0124,-0.025454360803118636,-0.0023
20170131,-0.014301912381450368,-0.014199999999999999,-0.01351369749432191,-0.0274,-0.02678965279236884,-0.005,-0.0051088341574529045,-0.0098
20170228,-0.021951804313972145,-0.0223,-0.005300020392936665,-0.0167,0.019352325198328624,0.0042,-0.004427196228082086,-0.0184
20170331,0.006301154492390274,0.0073,-0.024210006331958765,-0.0333,-0.010178897964596943,0.0063,-0.006636788604444761,-0.009399999999999999
20170428,-0.000577598387104996,0.004699999999999999,-0.012701101964746487,-0.0213,0.01598559235324446,0.0192,-0.015299187885403092,-0.016200000000000003
20170531,-0.03676674394176024,-0.030299999999999997,-0.02010469150071927,-0.0375,0.02471926530432402,0.0095,-0.01614750549907069,-0.018000000000000002
20170630,0.030772287199883064,0.025699999999999997,0.005859823140650679,0.0149,-0.029534460022351394,-0.0226,0.0004075880598000403,0.0
20170731,-0.008998599870004934,-0.016200000000000003,0.012928994059768259,-0.0022,0.01598583471388338,-0.0059,-0.023693751528493984,-0.0015
20170831,-0.02038729025519095,-0.0182,-0.004677484789095822,-0.0207,-0.003015365653724429,0.0012,-0.04475729048252622,-0.0235
20170929,0.04026607439373596,0.047400000000000005,0.037059264062435676,0.030899999999999997,0.0019159491628447933,-0.015,0.0005306071726548581,0.0163
20171031,-0.025670952846924455,-0.0195,0.021568820471568533,0.0022,0.029227367272154733,0.0085,-0.04470227691657007,-0.0323
20171130,-0.005832144567537008,-0.0034999999999999996,0.002358281066868799,-0.0005,0.025838672104558348,0.0317,0.0016179115675046367,-0.001
20171229,-0.012478412344660057,-0.010700000000000001,0.013803822780160693,0.0003,0.012495427821066687,0.0075,0.016546588710534674,0.0166
20180131,-0.025336196769284027,-0.0325,-0.0034048959107758486,-0.013600000000000001,-0.006685081272775624,-0.0072,-0.03137018760129537,-0.0101
20180228,-0.0011871588760046792,0.0032,-0.011013433948963598,-0.0103,-0.013715552221519892,0.005600000000000001,-0.020232882996653163,-0.0232
20180329,0.033161918845272635,0.0359,-0.005915446210124539,-0.0023,0.01432954681627066,-0.0048,0.003636533722082983,0.0
20180430,0.004966447662090303,0.0091,-0.006874272589737821,0.0048,-0.0016351593572754624,-0.0241,0.010317463278573321,0.0126
20180531,0.04118394874280977,0.0479,-0.027050801749052052,-0.0313,-0.01893479079333723,-0.020499999999999997,-0.01936280163082566,-0.0148
20180629,0.008527440925221192,0.008100000000000001,-0.009589030978088518,-0.0233,0.013797649997939754,0.008199999999999999,0.010587640122433486,0.0021
20180731,-0.02162295848987645,-0.0195,0.0053466498314465975,0.0045000000000000005,0.004206801556077448,0.015300000000000001,0.0049021937861306875,0.0036
20180831,0.002082801619332976,0.0063,-0.024897550680298905,-0.0398,-0.02555611539308872,-0.0029,-0.019552843059493636,-0.0264
20180928,-0.024838592372850004,-0.025,0.008319589287712311,-0.017,0.019116863407455102,0.0067,0.0034960159571134353,0.0128
20181031,-0.0374231422097184,-0.045,0.03470098082463732,0.034300000000000004,0.019365347111816297,0.01,0.014632869630889167,0.0354
20181130,-0.0075484390623599355,-0.0076,0.0030257645091219254,0.0026,-0.0005089346132999897,-0.0062,-0.005170256219166513,0.004
20181231,-0.03120182333585242,-0.0291,0.011571929939818329,-0.019,0.013435771842639943,-0.0003,-0.027442539914365058,0.002
20190131,0.03267267745306479,0.0301,-0.0222639450044462,-0.0044,-0.023850678740035727,-0.0078000000000000005,0.0018520790095912232,-0.015300000000000001
20190228,0.01594992349814283,0.0173,-0.030115740646913733,-0.0268,-0.0013530710630017123,0.0021,0.016428656573624745,-0.0161
20190329,-0.04151061354023235,-0.0346,-0.0379141270421883,-0.0405,-0.004542454810420049,0.0078000000000000005,-0.008965652821745971,-0.009899999999999999
20190430,-0.00882201317998968,-0.011699999999999999,0.0205763802921594,0.0217,0.02422365179500106,0.0166,-0.007668491124860691,-0.022400000000000003
20190531,-0.01781855006369619,-0.0159,-0.013121378199419012,-0.023700000000000002,-0.009900730457446466,-0.005,-0.022101690615284456,0.0174
20190628,-0.0034302389948933087,0.0032,-0.008247357078573915,-0.0070999999999999995,0.00780913929999745,0.0088,-0.000185110328917229,-0.0048
20190731,-0.013686682848334453,-0.0178,0.019250813391883392,0.0042,0.010192991133159707,-0.0008,-0.0044039239184594115,0.0037
20190830,-0.03866806881236906,-0.0322,-0.015496626102726285,-0.0495,0.02873366958596934,0.0051,-0.037164860968353995,-0.0069
20190930,0.007609002074149676,0.0027,0.048093809219946035,0.0683,0.06385364945944662,0.0183,0.018277854279334427,0.0336
20191031,0.001753033495270874,0.0027,0.00011664836158742711,-0.019299999999999998,0.005358070504482639,0.0045000000000000005,-0.019410371909669093,-0.0096
20191129,0.008424619729650244,0.0045000000000000005,-0.01957584343739202,-0.0202,-0.041083765953918466,-0.0158,-0.011238602745792414,-0.0125
20191231,0.013247429735145526,0.0097,0.0040397190418627535,0.0179,-0.004206985017889624,0.0001,0.032852398681407234,0.012199999999999999
20200131,-0.04608973256846353,-0.0438,-0.04671148253233624,-0.062400000000000004,-0.02669491180914702,-0.0118,-0.03074276546631012,-0.0232
20200228,-0.009297733144078751,0.0002,-0.03293612538488663,-0.0379,-0.03709820125988926,-0.0148,-0.01942152495225799,-0.025099999999999997
20200331,-0.1021918854946148,-0.0832,-0.11193372944772609,-0.1402,0.011660956343446383,-0.015300000000000001,0.006992642306729441,0.0126
20200430,0.05163540125923946,0.0258,-0.03725152795062675,-0.0118,-0.0629337178568615,0.0269,0.01996997251851443,-0.0101
20200529,0.021677841615778064,0.0197,-0.04185553393079979,-0.048,-0.07876229503930668,0.009399999999999999,-0.033029481888231044,-0.0325
20200630,0.018670162902049967,0.0197,-0.027960550784697162,-0.0204,-0.024973689152198053,0.0009,0.016460050437312954,0.0053
20200731,-0.02864714819084899,-0.0317,0.013865174182826751,-0.015300000000000001,0.04799518172914652,0.0037,-0.01221247743619916,0.009000000000000001
20200831,-0.019036423097965223,-0.0092,-0.01991333115293842,-0.0292,0.026818952358967016,0.0433,-0.004152333948427525,-0.0132
20200930,-0.0036332538474517437,-0.0001,0.016671201469684996,-0.0262,0.017329657422250306,-0.0139,-0.03627993254161853,-0.0182
20201030,0.05711656545473362,0.0467,0.045175469924236225,0.0416,0.020021906065363557,-0.009300000000000001,-0.023476621515302217,-0.0075
20201130,0.08228686316675973,0.07,0.04024225131160866,0.0213,-0.10881361804540898,-0.021400000000000002,0.0519408779313415,0.0138
20201231,0.04528872231990471,0.0472,-0.014074246707485923,-0.0143,-0.03232249292619373,-0.0197,0.02165913981182646,-0.0008
