date_m,Mkt_RF,SMB,HML,RMW,CMA,RF
196307,-0.0039000000000000003,-0.0044,-0.0089,0.0068000000000000005,-0.0123,0.0027
196308,0.0507,-0.0075,0.0168,0.0036,-0.0034000000000000002,0.0025
196309,-0.015700000000000002,-0.0055000000000000005,0.0008,-0.0070999999999999995,0.0029,0.0027
196310,0.0253,-0.0137,-0.0014000000000000002,0.027999999999999997,-0.0202,0.0029
196311,-0.0085,-0.0089,0.0181,-0.0051,0.0231,0.0027
196312,0.0183,-0.0207,-0.0008,0.0003,-0.0004,0.0029
196401,0.022400000000000003,0.0011,0.0147,0.0017000000000000001,0.0151,0.003
196402,0.0154,0.003,0.0274,-0.0005,0.009000000000000001,0.0026
196403,0.0141,0.013600000000000001,0.0336,-0.022099999999999998,0.0319,0.0031
196404,0.001,-0.0159,-0.0058,-0.0127,-0.0104,0.0029
196405,0.014199999999999999,-0.0064,0.0182,-0.0016,0.0014000000000000002,0.0026
196406,0.0127,0.0031,0.0063,-0.0028000000000000004,-0.0015,0.003
196407,0.0174,0.004699999999999999,0.0075,0.0004,0.0194,0.003
196408,-0.0144,0.0042,0.0008,0.0015,0.0033,0.0028000000000000004
196409,0.0269,-0.0033,0.017,-0.0054,0.0060999999999999995,0.0028000000000000004
196410,0.0059,0.0091,0.011699999999999999,-0.0038,0.0043,0.0029
196411,0.0,-0.0015,-0.0196,0.0062,-0.0026,0.0029
196412,0.0003,-0.006999999999999999,-0.0248,0.0104,-0.0148,0.0031
196501,0.0354,0.024399999999999998,0.0012,0.0089,0.001,0.0028000000000000004
196502,0.0044,0.0329,0.0011,0.002,-0.006500000000000001,0.003
196503,-0.0134,0.021099999999999997,0.0103,-0.0036,0.0072,0.0036
196504,0.0311,0.0111,0.0066,0.0040999999999999995,-0.0227,0.0031
196505,-0.0077,0.0013,-0.0161,-0.004,0.005,0.0031
196506,-0.055099999999999996,-0.042800000000000005,0.0059,0.0021,0.0037,0.0034999999999999996
196507,0.0143,0.010700000000000001,0.021400000000000002,-0.0137,0.0003,0.0031
196508,0.0273,0.0271,-0.0102,0.019,-0.0074,0.0033
196509,0.0286,0.0062,-0.0012,-0.0089,0.008,0.0031
196510,0.026000000000000002,0.0347,0.015700000000000002,0.011699999999999999,-0.006500000000000001,0.0031
196511,-0.0003,0.0518,0.001,-0.0101,-0.009399999999999999,0.0034999999999999996
196512,0.0101,0.026600000000000002,0.0202,-0.011399999999999999,-0.0053,0.0033
196601,0.0072,0.0467,0.0353,-0.0282,-0.0011,0.0038
196602,-0.0121,0.0471,0.0029,-0.0017000000000000001,-0.0149,0.0034999999999999996
196603,-0.025099999999999997,0.0032,-0.02,0.013000000000000001,0.0006,0.0038
196604,0.021400000000000002,0.0334,-0.004699999999999999,0.0039000000000000003,-0.0095,0.0034000000000000002
196605,-0.056600000000000004,-0.051,-0.0161,0.016399999999999998,-0.0152,0.0040999999999999995
196606,-0.0144,0.0137,0.0049,0.0015,0.0078000000000000005,0.0038
196607,-0.0163,-0.0048,0.009899999999999999,-0.004,0.0182,0.0034999999999999996
196608,-0.0791,-0.031400000000000004,0.0044,-0.0012,0.0079,0.0040999999999999995
196609,-0.0106,-0.011399999999999999,0.0051,-0.0179,0.0233,0.004
196610,0.038599999999999995,-0.0645,0.0268,-0.0348,0.0424,0.0045000000000000005
196611,0.013999999999999999,0.0347,-0.04769999999999999,0.0415,-0.0669,0.004
196612,0.0013,0.0216,-0.0132,0.0064,-0.0045000000000000005,0.004
196701,0.0815,0.0907,0.0225,0.009300000000000001,-0.0313,0.0043
196702,0.0078000000000000005,0.0305,-0.0218,0.020499999999999997,-0.0096,0.0036
196703,0.039900000000000005,0.0173,0.0054,0.0098,-0.014499999999999999,0.0039000000000000003
196704,0.038900000000000004,0.0042,-0.0245,0.023799999999999998,-0.0364,0.0032
196705,-0.0433,0.0219,0.0118,-0.017,0.0181,0.0033
196706,0.0241,0.0641,0.0085,-0.0064,-0.0241,0.0027
196707,0.0458,0.0352,0.027200000000000002,0.0052,0.027000000000000003,0.0031
196708,-0.0089,0.0067,0.0152,0.0036,0.014499999999999999,0.0031
196709,0.0311,0.0242,-0.0242,0.0023,-0.0095,0.0032
196710,-0.030899999999999997,0.004699999999999999,-0.0322,0.010700000000000001,-0.0262,0.0039000000000000003
196711,0.0037,-0.0006,-0.0169,0.013500000000000002,-0.023399999999999997,0.0036
196712,0.0305,0.057800000000000004,-0.0063,-0.008199999999999999,0.0013,0.0033
196801,-0.0406,0.044800000000000006,0.0484,-0.045899999999999996,0.0646,0.004
196802,-0.0375,-0.0292,0.013300000000000001,-0.0014000000000000002,0.0245,0.0039000000000000003
196803,0.002,-0.016,-0.0059,0.0106,-0.011000000000000001,0.0038
196804,0.09050000000000001,0.061799999999999994,-0.011699999999999999,0.027000000000000003,-0.0365,0.0043
196805,0.022799999999999997,0.071,0.0066,0.0031,-0.0192,0.0045000000000000005
196806,0.0069,-0.0036,0.0083,-0.0131,0.0276,0.0043
196807,-0.027200000000000002,-0.014199999999999999,0.053899999999999997,-0.031400000000000004,0.0364,0.0048
196808,0.0134,0.0226,0.01,-0.006999999999999999,0.0045000000000000005,0.0042
196809,0.0403,0.028399999999999998,0.003,-0.0199,0.0088,0.0043
196810,0.0042,-0.0038,0.0286,-0.0132,0.0253,0.0044
196811,0.054299999999999994,0.0241,-0.009300000000000001,0.0043,-0.0226,0.0042
196812,-0.0394,0.0356,-0.0001,-0.018600000000000002,0.017,0.0043
196901,-0.0125,-0.0045000000000000005,0.0168,-0.0155,0.0137,0.0053
196902,-0.0584,-0.0417,0.009000000000000001,0.0207,0.0078000000000000005,0.0046
196903,0.0264,-0.0042,-0.0052,-0.014199999999999999,-0.0046,0.0046
196904,0.0146,-0.0083,-0.0003,0.0040999999999999995,0.0023,0.0053
196905,-0.001,-0.0011,0.0072,-0.0095,0.0125,0.0048
196906,-0.0718,-0.055,-0.0109,0.0432,-0.015300000000000001,0.0051
196907,-0.07,-0.0339,0.0118,0.014499999999999999,0.019299999999999998,0.0053
196908,0.046799999999999994,0.0066,-0.0377,0.011699999999999999,-0.0404,0.005
196909,-0.0298,0.0124,-0.0319,0.0345,-0.0077,0.0062
196910,0.0506,0.0391,-0.031,0.0012,-0.021400000000000002,0.006
196911,-0.0379,-0.0245,-0.0121,0.014499999999999999,0.0028000000000000004,0.0052
196912,-0.0263,-0.0377,-0.028399999999999998,0.0254,-0.0178,0.0064
197001,-0.081,0.0313,0.031200000000000002,-0.0171,0.0385,0.006
197002,0.0513,-0.0274,0.0393,-0.0232,0.0274,0.0062
197003,-0.0106,-0.024,0.039900000000000005,-0.0101,0.0432,0.005699999999999999
197004,-0.11,-0.0637,0.0617,-0.0069,0.0626,0.005
197005,-0.0692,-0.044500000000000005,0.0332,-0.0125,0.0392,0.0053
197006,-0.0579,-0.022099999999999998,0.006,0.0013,0.0297,0.0058
197007,0.0693,-0.0062,0.0091,-0.0025,0.0181,0.0052
197008,0.0449,0.015300000000000001,0.0127,0.005600000000000001,-0.0019,0.0053
197009,0.0418,0.085,-0.0552,0.003,-0.0584,0.0054
197010,-0.022799999999999997,-0.0443,0.0021,0.0171,0.0232,0.0046
197011,0.046,-0.038599999999999995,0.017,0.015600000000000001,0.0148,0.0046
197012,0.0572,0.029300000000000003,0.009899999999999999,0.0024,0.0029,0.0042
197101,0.0484,0.0754,0.0148,-0.0199,0.0006,0.0038
197102,0.0141,0.0204,-0.0127,0.0058,-0.0069,0.0033
197103,0.041299999999999996,0.0226,-0.0403,0.0183,-0.027000000000000003,0.003
197104,0.0315,-0.0034999999999999996,0.008100000000000001,-0.0146,0.0089,0.0028000000000000004
197105,-0.0398,-0.0111,-0.0141,0.0139,0.0024,0.0029
197106,-0.001,-0.0149,-0.0194,0.0155,-0.0165,0.0037
197107,-0.045,-0.014199999999999999,-0.0001,0.005699999999999999,0.0149,0.004
197108,0.0379,-0.0015,0.0264,-0.0045000000000000005,0.0263,0.004699999999999999
197109,-0.0085,0.0028000000000000004,-0.0291,0.0255,-0.0159,0.0037
197110,-0.044199999999999996,-0.0159,-0.0048,0.0158,-0.0138,0.0037
197111,-0.0046,-0.0287,-0.017,0.0241,-0.0033,0.0037
197112,0.08710000000000001,0.0325,-0.0040999999999999995,-0.0039000000000000003,-0.0173,0.0037
197201,0.024900000000000002,0.061200000000000004,0.0227,-0.0168,0.0052,0.0029
197202,0.0287,0.0089,-0.0277,0.0163,-0.0053,0.0025
197203,0.0063,-0.004699999999999999,-0.0163,0.0161,-0.0015,0.0027
197204,0.0029,0.002,0.001,-0.0045000000000000005,-0.01,0.0029
197205,0.0125,-0.031200000000000002,-0.027200000000000002,0.023799999999999998,-0.0192,0.003
197206,-0.024300000000000002,-0.004699999999999999,-0.024900000000000002,0.0181,-0.0034000000000000002,0.0029
197207,-0.008,-0.0277,0.0066,0.011399999999999999,-0.006500000000000001,0.0031
197208,0.0326,-0.0348,0.0453,-0.0195,0.0288,0.0029
197209,-0.011399999999999999,-0.0222,0.004699999999999999,0.0172,-0.0197,0.0034000000000000002
197210,0.0052,-0.0254,0.013500000000000002,-0.0015,-0.0002,0.004
197211,0.046,-0.0063,0.0483,-0.019799999999999998,0.0334,0.0037
197212,0.0062,-0.019,-0.0219,0.0258,-0.0215,0.0037
197301,-0.0329,-0.0282,0.0268,0.0038,0.009000000000000001,0.0044
197302,-0.048499999999999995,-0.039,0.016,-0.0025,0.0002,0.0040999999999999995
197303,-0.013000000000000001,-0.0233,0.0262,-0.0104,0.0064,0.0046
197304,-0.056799999999999996,-0.029500000000000002,0.0542,-0.0165,0.0273,0.0052
197305,-0.0294,-0.061799999999999994,0.0040999999999999995,0.0194,-0.0151,0.0051
197306,-0.015700000000000002,-0.025099999999999997,0.011899999999999999,-0.0027,0.0021,0.0051
197307,0.050499999999999996,0.0726,-0.0526,-0.0005,-0.0327,0.0064
197308,-0.0382,-0.0179,0.0106,-0.0128,0.0129,0.006999999999999999
197309,0.0475,0.035699999999999996,0.022400000000000003,-0.023,0.0175,0.0068000000000000005
197310,-0.0083,-0.003,0.016,-0.0183,0.0268,0.006500000000000001
197311,-0.1275,-0.0727,0.039900000000000005,-0.0258,0.0169,0.005600000000000001
197312,0.0060999999999999995,-0.0466,0.0394,-0.0269,0.0241,0.0064
197401,-0.0017000000000000001,0.1039,0.06,-0.0318,0.044800000000000006,0.0063
197402,-0.004699999999999999,0.0012,0.025,-0.0187,0.0262,0.0058
197403,-0.0281,0.026099999999999998,-0.0012,0.0279,0.0045000000000000005,0.005600000000000001
197404,-0.0529,-0.0069,0.0087,0.0288,0.0208,0.0075
197405,-0.046799999999999994,-0.0308,-0.0207,0.0493,-0.004,0.0075
197406,-0.028300000000000002,0.0002,0.0079,0.0062,0.028999999999999998,0.006
197407,-0.0805,0.0192,0.051699999999999996,-0.0326,0.046,0.006999999999999999
197408,-0.0935,0.0026,0.0264,-0.0028000000000000004,0.026000000000000002,0.006
197409,-0.1177,0.0148,0.0559,-0.0443,0.0592,0.008100000000000001
197410,0.161,-0.0682,-0.09880000000000001,-0.0022,-0.0287,0.0051
197411,-0.0451,-0.0148,-0.002,-0.0335,0.0294,0.0054
197412,-0.0345,-0.0435,0.0011,-0.0069,0.0326,0.006999999999999999
197501,0.1366,0.1292,0.0827,-0.0076,-0.0092,0.0058
197502,0.0556,-0.006500000000000001,-0.0444,0.0115,-0.0212,0.0043
197503,0.026600000000000002,0.039900000000000005,0.0239,0.0123,-0.0131,0.0040999999999999995
197504,0.042300000000000004,-0.0072,-0.0113,0.014199999999999999,-0.013500000000000002,0.0044
197505,0.0519,0.028900000000000002,-0.040999999999999995,-0.009899999999999999,-0.0060999999999999995,0.0044
197506,0.0483,0.014199999999999999,0.013999999999999999,-0.026600000000000002,0.011000000000000001,0.0040999999999999995
197507,-0.0659,0.0344,0.0169,0.0046,0.0123,0.0048
197508,-0.0285,-0.028399999999999998,-0.009399999999999999,0.011200000000000002,-0.009300000000000001,0.0048
197509,-0.0426,0.0005,0.0043,0.0053,0.0055000000000000005,0.0053
197510,0.053099999999999994,-0.042199999999999994,0.0027,-0.0048,0.022000000000000002,0.005600000000000001
197511,0.0264,-0.011000000000000001,0.020499999999999997,-0.0068000000000000005,0.0178,0.0040999999999999995
197512,-0.016,-0.0005,0.0169,-0.0009,0.0058,0.0048
197601,0.1216,0.0632,0.0857,-0.0179,0.0227,0.004699999999999999
197602,0.0032,0.07980000000000001,0.0582,-0.026000000000000002,0.0383,0.0034000000000000002
197603,0.0232,-0.0139,-0.0011,-0.0033,0.009399999999999999,0.004
197604,-0.0149,0.0008,-0.0014000000000000002,0.004,-0.0108,0.0042
197605,-0.0134,-0.011000000000000001,-0.013500000000000002,0.0245,-0.013999999999999999,0.0037
197606,0.0405,-0.010700000000000001,0.0069,-0.0067,0.0101,0.0043
197607,-0.010700000000000001,0.0063,0.0173,-0.0105,0.0028000000000000004,0.004699999999999999
197608,-0.005600000000000001,-0.019799999999999998,0.008100000000000001,-0.0040999999999999995,-0.0055000000000000005,0.0042
197609,0.0207,0.001,-0.0029,0.0098,-0.0115,0.0044
197610,-0.0242,0.0013,-0.0018,-0.0019,-0.0037,0.0040999999999999995
197611,0.0036,0.026600000000000002,0.0151,-0.0141,0.0009,0.004
197612,0.0565,0.0364,0.0227,-0.0062,0.022799999999999997,0.004
197701,-0.0405,0.059000000000000004,0.042699999999999995,-0.0051,0.0197,0.0036
197702,-0.0194,0.010700000000000001,0.004699999999999999,-0.0016,-0.0022,0.0034999999999999996
197703,-0.0137,0.0131,0.0109,-0.003,-0.0006,0.0038
197704,0.0015,0.0060999999999999995,0.0338,-0.0202,0.011399999999999999,0.0038
197705,-0.014499999999999999,0.0131,0.0085,0.0033,0.0019,0.0037
197706,0.0471,0.0208,-0.0074,0.0091,-0.012,0.004
197707,-0.0169,0.018799999999999997,-0.005699999999999999,0.0074,0.0009,0.0042
197708,-0.0175,0.0086,-0.0273,0.009899999999999999,-0.0069,0.0044
197709,-0.0027,0.0143,-0.0046,0.014499999999999999,-0.0084,0.0043
197710,-0.0438,0.0148,0.0181,-0.0019,-0.0029,0.0049
197711,0.04,0.0364,0.0023,-0.0013,0.0070999999999999995,0.005
197712,0.0027,0.0159,-0.003,0.0091,-0.0069,0.0049
197801,-0.0601,0.027200000000000002,0.0336,-0.017,0.0152,0.0049
197802,-0.0138,0.037000000000000005,0.0083,0.0033,0.0104,0.0046
197803,0.0285,0.0371,0.0116,-0.0059,0.018799999999999997,0.0053
197804,0.0788,-0.0027,-0.035699999999999996,0.028300000000000002,-0.0129,0.0054
197805,0.0176,0.0458,-0.0053,0.0024,0.0037,0.0051
197806,-0.0169,0.015600000000000001,0.005699999999999999,-0.0141,-0.0003,0.0054
197807,0.051100000000000007,0.0013,-0.0111,0.0155,-0.0079,0.005600000000000001
197808,0.0375,0.0495,-0.005699999999999999,0.0141,0.0044,0.005600000000000001
197809,-0.0143,-0.0031,0.018600000000000002,-0.006500000000000001,0.018000000000000002,0.0062
197810,-0.1191,-0.1007,0.0139,0.0018,0.009899999999999999,0.0068000000000000005
197811,0.0271,0.0285,-0.021400000000000002,0.0111,-0.011899999999999999,0.006999999999999999
197812,0.0088,0.011200000000000002,-0.0213,0.0195,-0.0138,0.0078000000000000005
197901,0.042300000000000004,0.0379,0.022000000000000002,-0.024900000000000002,0.0151,0.0077
197902,-0.0356,0.0054,0.011399999999999999,-0.0111,0.0096,0.0073
197903,0.056799999999999996,0.032,-0.0073,0.0051,0.0028000000000000004,0.008100000000000001
197904,-0.0006,0.024,0.0108,0.0111,0.0021,0.008
197905,-0.022099999999999998,0.0017000000000000001,0.0132,-0.0155,-0.0027,0.008199999999999999
197906,0.0385,0.009899999999999999,0.0139,-0.0159,-0.004699999999999999,0.008100000000000001
197907,0.008199999999999999,0.0127,0.018600000000000002,-0.0028000000000000004,0.0070999999999999995,0.0077
197908,0.0553,0.0192,-0.0158,0.016,-0.0147,0.0077
197909,-0.008199999999999999,-0.0033,-0.009000000000000001,0.01,0.0032,0.0083
197910,-0.081,-0.0351,-0.018600000000000002,0.01,0.001,0.0087
197911,0.0521,0.0253,-0.032799999999999996,0.0002,-0.0212,0.009899999999999999
197912,0.0179,0.0432,-0.021,-0.0072,-0.009000000000000001,0.0095
198001,0.055099999999999996,0.0182,0.0175,-0.0169,0.0171,0.008
198002,-0.012199999999999999,-0.0158,0.0060999999999999995,0.0007000000000000001,0.027000000000000003,0.0089
198003,-0.129,-0.0692,-0.0101,0.014499999999999999,-0.0116,0.0121
198004,0.0397,0.0105,0.0108,-0.0206,0.0027,0.0126
198005,0.0526,0.021,0.0038,0.0032,-0.0032,0.008100000000000001
198006,0.030600000000000002,0.014199999999999999,-0.0076,-0.0016,-0.0128,0.0060999999999999995
198007,0.0649,0.0382,-0.0641,0.0405,-0.023799999999999998,0.0053
198008,0.018000000000000002,0.0426,-0.026099999999999998,0.0207,-0.0087,0.0064
198009,0.0219,0.0066,-0.0458,0.019,-0.0277,0.0075
198010,0.0106,0.0236,-0.0279,0.0169,-0.0118,0.0095
198011,0.0959,-0.0331,-0.0833,0.0451,-0.0571,0.0096
198012,-0.0452,-0.0029,0.0279,-0.0129,0.0123,0.0131
198101,-0.0504,0.0329,0.0672,-0.0353,0.0435,0.0104
198102,0.005699999999999999,-0.0051,0.0102,0.0021,0.0227,0.010700000000000001
198103,0.0356,0.030299999999999997,0.0064,-0.0226,-0.0052,0.0121
198104,-0.021099999999999997,0.045899999999999996,0.022799999999999997,0.0083,0.012199999999999999,0.0108
198105,0.0011,0.0245,-0.0042,0.003,-0.0154,0.0115
198106,-0.0236,-0.0095,0.0513,-0.0137,0.0269,0.013500000000000002
198107,-0.0154,-0.020499999999999997,-0.0049,0.0126,-0.0255,0.0124
198108,-0.0704,-0.0181,0.0479,-0.0031,0.0141,0.0128
198109,-0.0717,-0.024399999999999998,0.051699999999999996,0.0012,0.026099999999999998,0.0124
198110,0.0492,0.0236,-0.0421,0.031400000000000004,-0.0301,0.0121
198111,0.0336,-0.0151,0.018500000000000003,0.0007000000000000001,0.0096,0.010700000000000001
198112,-0.0365,0.012,0.008199999999999999,0.0022,0.025,0.0087
198201,-0.032400000000000005,-0.0113,0.0319,-0.0149,0.0192,0.008
198202,-0.058600000000000006,0.0034999999999999996,0.0605,-0.034300000000000004,0.045599999999999995,0.0092
198203,-0.0187,-0.0004,0.0383,-0.0139,0.024900000000000002,0.0098
198204,0.0327,0.0109,-0.027000000000000003,0.015600000000000001,-0.0002,0.0113
198205,-0.039900000000000005,0.0064,0.0176,0.0088,-0.0031,0.0106
198206,-0.030899999999999997,-0.0052,0.0155,0.0001,0.027000000000000003,0.0096
198207,-0.0319,0.0095,0.0009,0.0104,0.0154,0.0105
198208,0.1114,-0.0433,0.009300000000000001,-0.0189,0.0011,0.0076
198209,0.0129,0.0262,0.0027,0.021400000000000002,-0.0004,0.0051
198210,0.113,0.0194,-0.036699999999999997,0.0029,-0.0034000000000000002,0.0059
198211,0.0467,0.044199999999999996,-0.018500000000000003,-0.0097,0.0029,0.0063
198212,0.0055000000000000005,-0.0007000000000000001,0.0001,-0.0001,0.0105,0.0067
198301,0.036000000000000004,0.0333,-0.0070999999999999995,-0.0155,-0.0055000000000000005,0.0069
198302,0.0259,0.029300000000000003,0.006999999999999999,-0.0052,0.0105,0.0062
198303,0.0282,0.0138,0.020099999999999996,-0.0017000000000000001,0.0274,0.0063
198304,0.0667,0.004699999999999999,0.0051,-0.0011,0.0147,0.0070999999999999995
198305,0.0052,0.0633,-0.014199999999999999,-0.0184,-0.0154,0.0069
198306,0.030699999999999998,0.011899999999999999,-0.0391,0.026000000000000002,-0.0087,0.0067
198307,-0.0407,0.0101,0.0562,-0.0011,0.0281,0.0074
198308,-0.005,-0.0432,0.0554,0.0053,0.019,0.0076
198309,0.0091,0.0031,0.0101,0.0125,0.005,0.0076
198310,-0.0344,-0.0378,0.049699999999999994,-0.008,0.0297,0.0076
198311,0.0216,0.0189,-0.0073,-0.0075,0.0066,0.006999999999999999
198312,-0.0178,-0.0045000000000000005,0.017,0.016,0.0127,0.0073
198401,-0.0192,-0.0003,0.0757,-0.008199999999999999,0.0292,0.0076
198402,-0.0482,-0.016,0.0334,0.0091,0.0158,0.0070999999999999995
198403,0.0063,-0.0029,0.004699999999999999,-0.0085,0.011699999999999999,0.0073
198404,-0.0051,-0.0096,0.011899999999999999,0.0338,0.0076,0.008100000000000001
198405,-0.059699999999999996,0.0014000000000000002,0.0029,0.022000000000000002,-0.0046,0.0078000000000000005
198406,0.0182,0.001,-0.026600000000000002,0.0313,-0.015600000000000001,0.0075
198407,-0.0274,-0.0222,0.0033,0.0355,-0.0215,0.008199999999999999
198408,0.10279999999999999,-0.0026,-0.018000000000000002,-0.0068000000000000005,-0.0092,0.0083
198409,-0.008,-0.0003,0.052300000000000006,0.0137,0.0241,0.0086
198410,-0.0084,-0.0144,0.004699999999999999,0.0118,-0.0109,0.01
198411,-0.0176,-0.0101,0.0404,0.0072,0.0206,0.0073
198412,0.0184,-0.006500000000000001,-0.0025,0.0131,-0.013600000000000001,0.0064
198501,0.0799,0.035,-0.0533,-0.0089,-0.0341,0.006500000000000001
198502,0.012199999999999999,0.0104,-0.001,0.0129,0.0106,0.0058
198503,-0.0084,-0.0139,0.0407,0.0123,0.0288,0.0062
198504,-0.0096,-0.001,0.037200000000000004,0.0155,0.0070999999999999995,0.0072
198505,0.0509,-0.0231,-0.009399999999999999,0.013300000000000001,-0.0149,0.0066
198506,0.0127,0.0034999999999999996,0.0040999999999999995,0.0176,-0.0077,0.0055000000000000005
198507,-0.0074,0.0287,-0.016,-0.0044,-0.0038,0.0062
198508,-0.0102,-0.0029,0.022799999999999997,-0.0007000000000000001,0.0184,0.0055000000000000005
198509,-0.0454,-0.018000000000000002,0.0129,0.0109,0.016200000000000003,0.006
198510,0.04019999999999999,-0.0149,0.0075,0.0091,-0.0108,0.006500000000000001
198511,0.06480000000000001,0.0002,-0.028399999999999998,0.0032,-0.0229,0.0060999999999999995
198512,0.0388,-0.004,-0.0154,0.0101,-0.0182,0.006500000000000001
198601,0.006500000000000001,0.01,0.0044,-0.02,-0.02,0.005600000000000001
198602,0.0713,-0.0070999999999999995,-0.0077,0.0109,-0.0124,0.0053
198603,0.048799999999999996,-0.006500000000000001,-0.0037,0.0118,0.009000000000000001,0.006
198604,-0.0131,0.0286,-0.0286,0.028900000000000002,-0.0006,0.0052
198605,0.0462,-0.0129,-0.0021,0.0215,0.0108,0.0049
198606,0.0103,-0.0088,0.013000000000000001,0.0183,0.008199999999999999,0.0052
198607,-0.0645,-0.0345,0.047,-0.0045000000000000005,0.0084,0.0052
198608,0.060700000000000004,-0.0435,0.0351,-0.0163,0.0319,0.0046
198609,-0.086,0.020499999999999997,0.0322,-0.001,0.037200000000000004,0.0045000000000000005
198610,0.0466,-0.0233,-0.014199999999999999,-0.0005,0.01,0.0046
198611,0.011699999999999999,-0.0189,-0.0007000000000000001,0.0103,0.0066,0.0039000000000000003
198612,-0.0327,0.0012,0.0036,0.008100000000000001,0.0009,0.0049
198701,0.1247,-0.0154,-0.0316,0.0016,-0.0098,0.0042
198702,0.043899999999999995,0.034,-0.0591,-0.0084,-0.0263,0.0043
198703,0.016399999999999998,0.0027,0.0161,0.013500000000000002,0.0412,0.004699999999999999
198704,-0.021099999999999997,-0.0154,-0.0039000000000000003,-0.005,0.0103,0.0044
198705,0.0011,-0.005600000000000001,0.0023,0.0051,0.0115,0.0038
198706,0.0394,-0.022099999999999998,0.0104,0.0169,0.0084,0.0048
198707,0.0385,-0.011200000000000002,0.0073,-0.0060999999999999995,0.016399999999999998,0.0046
198708,0.0352,-0.0095,-0.0095,0.0204,-0.0161,0.004699999999999999
198709,-0.0259,0.004,0.003,-0.0097,0.019,0.0045000000000000005
198710,-0.2324,-0.0805,0.042300000000000004,0.0206,0.0226,0.006
198711,-0.07769999999999999,0.0287,0.0296,-0.018799999999999997,0.0068000000000000005,0.0034999999999999996
198712,0.0681,0.0006,-0.043899999999999995,0.029500000000000002,-0.0246,0.0039000000000000003
198801,0.0421,-0.0053,0.0495,-0.0113,0.022000000000000002,0.0029
198802,0.0475,0.0331,-0.0169,0.0155,0.0,0.0046
198803,-0.0227,0.062400000000000004,0.0074,-0.0026,0.0182,0.0044
198804,0.005600000000000001,0.0115,0.0163,-0.002,0.0194,0.0046
198805,-0.0029,-0.025699999999999997,0.0242,-0.0074,0.0033,0.0051
198806,0.0479,0.021400000000000002,-0.012199999999999999,0.0146,-0.0344,0.0049
198807,-0.0125,-0.0021,0.0217,-0.0058,0.0149,0.0051
198808,-0.0331,-0.0003,0.021,-0.008100000000000001,0.0176,0.0059
198809,0.033,-0.013500000000000002,-0.0075,0.0175,-0.006,0.0062
198810,0.0115,-0.029500000000000002,0.0169,0.0129,0.0103,0.0060999999999999995
198811,-0.0229,-0.0165,0.013000000000000001,-0.0028000000000000004,0.0163,0.005699999999999999
198812,0.0149,0.0202,-0.0161,0.0069,-0.0038,0.0063
198901,0.061,-0.0231,0.0062,-0.0095,0.0014000000000000002,0.0055000000000000005
198902,-0.0225,0.0271,0.009300000000000001,-0.0087,0.0181,0.0060999999999999995
198903,0.015700000000000002,0.0068000000000000005,0.0054,0.0005,0.0073,0.0067
198904,0.0433,-0.0078000000000000005,-0.013999999999999999,0.0070999999999999995,-0.005699999999999999,0.0067
198905,0.0335,0.0,-0.0087,0.0049,-0.0008,0.0079
198906,-0.013500000000000002,-0.0109,0.0223,0.0027,0.0155,0.0070999999999999995
198907,0.07200000000000001,-0.0417,-0.0279,0.0195,-0.005600000000000001,0.006999999999999999
198908,0.0144,0.0048,0.006,0.0039000000000000003,-0.005699999999999999,0.0074
198909,-0.0076,0.0049,-0.0127,0.013999999999999999,0.0051,0.006500000000000001
198910,-0.036699999999999997,-0.0332,-0.0111,0.001,-0.0003,0.0068000000000000005
198911,0.0103,-0.0129,-0.0109,-0.0086,0.0137,0.0069
198912,0.0116,-0.022799999999999997,0.0016,-0.0007000000000000001,0.014499999999999999,0.0060999999999999995
199001,-0.0785,-0.0132,0.0085,-0.0118,0.0137,0.005699999999999999
199002,0.0111,0.0115,0.0064,-0.0007000000000000001,-0.0060999999999999995,0.005699999999999999
199003,0.0183,0.0158,-0.0292,0.0202,-0.0095,0.0064
199004,-0.0336,-0.0032,-0.0259,0.0181,-0.01,0.0069
199005,0.0842,-0.023700000000000002,-0.0383,0.0154,-0.0158,0.0068000000000000005
199006,-0.0109,0.0131,-0.019299999999999998,-0.011000000000000001,-0.0036,0.0063
199007,-0.019,-0.031400000000000004,-0.0004,-0.0011,0.0323,0.0068000000000000005
199008,-0.1015,-0.038599999999999995,0.016,-0.0034999999999999996,0.029900000000000003,0.0066
199009,-0.061200000000000004,-0.0374,0.0060999999999999995,0.0006,0.0361,0.006
199010,-0.0192,-0.0507,0.0,0.0313,-0.0032,0.0068000000000000005
199011,0.0635,0.0004,-0.0297,0.005,-0.046900000000000004,0.005699999999999999
199012,0.0246,0.0064,-0.0163,0.0264,-0.0181,0.006
199101,0.046900000000000004,0.038900000000000004,-0.015700000000000002,0.0126,-0.0385,0.0052
199102,0.0719,0.0401,-0.0063,-0.0004,-0.0043,0.0048
199103,0.0265,0.0382,-0.013000000000000001,-0.005,-0.0111,0.0044
199104,-0.0028000000000000004,0.0032,0.014499999999999999,0.0064,0.008,0.0053
199105,0.0365,0.0012,-0.0049,0.020499999999999997,-0.0235,0.004699999999999999
199106,-0.049400000000000006,0.0026,0.010700000000000001,0.0177,0.0064,0.0042
199107,0.0424,-0.0095,-0.0132,0.0161,-0.0138,0.0049
199108,0.0232,0.0141,-0.0078000000000000005,0.0085,-0.0034000000000000002,0.0046
199109,-0.0159,0.015600000000000001,-0.010700000000000001,-0.018000000000000002,0.0008,0.0046
199110,0.0129,0.009000000000000001,-0.0046,-0.0173,-0.0023,0.0042
199111,-0.04190000000000001,-0.0084,-0.018799999999999997,0.0106,0.0001,0.0039000000000000003
199112,0.1084,-0.024,-0.0418,0.0356,-0.031200000000000002,0.0038
199201,-0.0059,0.0919,0.047,-0.0129,0.032,0.0034000000000000002
199202,0.0109,0.0134,0.0647,0.001,0.0219,0.0028000000000000004
199203,-0.026600000000000002,-0.009300000000000001,0.0355,-0.0001,0.0195,0.0034000000000000002
199204,0.010700000000000001,-0.057,0.0432,0.0169,0.0223,0.0032
199205,0.003,0.0021,0.011899999999999999,-0.0096,0.0048,0.0028000000000000004
199206,-0.023399999999999997,-0.0274,0.0325,-0.0009,0.0101,0.0032
199207,0.0377,-0.0066,-0.0055000000000000005,0.0124,-0.0089,0.0031
199208,-0.023799999999999998,-0.0044,-0.0108,0.0368,-0.016,0.0026
199209,0.011899999999999999,0.0044,-0.0023,0.0158,-0.0063,0.0026
199210,0.0102,0.0209,-0.019799999999999998,0.0126,-0.0084,0.0023
199211,0.041299999999999996,0.0398,-0.014199999999999999,-0.0062,-0.0165,0.0023
199212,0.015300000000000001,0.0167,0.0265,-0.0046,0.0083,0.0028000000000000004
199301,0.009300000000000001,0.0189,0.059500000000000004,-0.018500000000000003,0.0294,0.0023
199302,0.0012,-0.0347,0.0644,-0.0048,0.0421,0.0022
199303,0.023,0.0008,0.011899999999999999,-0.0017000000000000001,0.009000000000000001,0.0025
199304,-0.0305,-0.0086,0.0248,-0.036000000000000004,0.0144,0.0024
199305,0.028900000000000002,0.019299999999999998,-0.035,-0.0008,-0.0105,0.0022
199306,0.0031,0.0016,0.027200000000000002,-0.0091,0.012,0.0025
199307,-0.0034000000000000002,0.0092,0.0282,-0.018500000000000003,0.020499999999999997,0.0024
199308,0.0371,0.0011,0.0014000000000000002,-0.0154,-0.0003,0.0025
199309,-0.0012,0.0294,-0.0034999999999999996,0.0025,-0.0016,0.0026
199310,0.0141,0.0189,-0.0278,0.0058,0.006,0.0022
199311,-0.0189,-0.0118,-0.0066,0.0219,-0.009399999999999999,0.0025
199312,0.0165,0.0138,0.0027,0.011699999999999999,-0.0034000000000000002,0.0023
199401,0.0287,0.0008,0.0128,-0.0175,0.0143,0.0025
199402,-0.0255,0.026699999999999998,-0.015600000000000001,0.0215,-0.01,0.0021
199403,-0.0478,-0.0109,0.0155,0.0070999999999999995,0.0128,0.0027
199404,0.0068000000000000005,-0.01,0.0166,0.0106,0.0111,0.0027
199405,0.0058,-0.0253,0.006999999999999999,0.006,0.0068000000000000005,0.0031
199406,-0.030299999999999997,-0.0048,0.0167,0.0121,0.0147,0.0031
199407,0.0282,-0.0179,0.005699999999999999,-0.006,0.0011,0.0028000000000000004
199408,0.0401,0.0138,-0.025,0.0096,-0.0147,0.0037
199409,-0.0231,0.0276,-0.0184,0.0053,0.009000000000000001,0.0037
199410,0.0134,-0.0231,-0.0163,0.0024,-0.0069,0.0038
199411,-0.0404,0.0013,-0.0073,0.004,-0.0039000000000000003,0.0037
199412,0.0086,-0.0004,-0.0009,0.0039000000000000003,0.003,0.0044
199501,0.018000000000000002,-0.0302,0.025099999999999997,0.002,-0.0076,0.0042
199502,0.0363,-0.0054,0.0109,0.005600000000000001,-0.0028000000000000004,0.004
199503,0.0219,-0.0053,-0.0208,-0.0013,0.0024,0.0046
199504,0.021099999999999997,-0.0022,0.017,0.004,0.0089,0.0044
199505,0.028999999999999998,-0.0218,0.0227,0.0036,0.001,0.0054
199506,0.027200000000000002,0.030299999999999997,-0.0254,-0.0034999999999999996,-0.0248,0.004699999999999999
199507,0.037200000000000004,0.0208,-0.0159,0.0028000000000000004,-0.016399999999999998,0.0045000000000000005
199508,0.0055000000000000005,0.0176,0.0281,-0.012199999999999999,0.0161,0.004699999999999999
199509,0.0335,-0.019,-0.0005,0.0102,0.0038,0.0043
199510,-0.0152,-0.0407,-0.0051,0.018600000000000002,-0.0004,0.004699999999999999
199511,0.039599999999999996,-0.010700000000000001,0.0058,-0.005600000000000001,0.0113,0.0042
199512,0.0103,0.0073,0.0018,-0.0138,0.0308,0.0049
199601,0.0226,-0.0256,0.004,0.0019,0.0231,0.0043
199602,0.013300000000000001,0.0176,-0.010700000000000001,0.0024,-0.0189,0.0039000000000000003
199603,0.0073,0.016399999999999998,0.0036,0.0148,-0.0096,0.0039000000000000003
199604,0.0206,0.047,-0.0405,-0.0016,-0.021099999999999997,0.0046
199605,0.0236,0.0322,-0.0089,0.0016,-0.003,0.0042
199606,-0.011399999999999999,-0.0364,0.023799999999999998,0.0348,0.012,0.004
199607,-0.059699999999999996,-0.038,0.051399999999999994,0.0297,0.0256,0.0045000000000000005
199608,0.0277,0.0258,-0.0074,-0.0040999999999999995,-0.024,0.0040999999999999995
199609,0.0501,-0.0139,-0.027000000000000003,0.0123,-0.0222,0.0044
199610,0.0086,-0.037599999999999995,0.049400000000000006,0.0138,0.0326,0.0042
199611,0.0625,-0.0382,0.0139,0.021,-0.0078000000000000005,0.0040999999999999995
199612,-0.017,0.0326,0.0132,0.0038,0.0147,0.0046
199701,0.049800000000000004,-0.0182,-0.0146,0.012199999999999999,-0.0013,0.0045000000000000005
199702,-0.0049,-0.0256,0.056900000000000006,0.006500000000000001,0.0348,0.0039000000000000003
199703,-0.050199999999999995,-0.0043,0.034,0.0045000000000000005,0.0171,0.0043
199704,0.0404,-0.0571,0.0007000000000000001,0.032400000000000005,-0.0070999999999999995,0.0043
199705,0.0674,0.0475,-0.0412,-0.0102,-0.029500000000000002,0.0049
199706,0.040999999999999995,0.0121,0.0159,0.005600000000000001,0.0063,0.0037
199707,0.0733,-0.0277,0.0029,0.0007000000000000001,-0.0255,0.0043
199708,-0.0415,0.07629999999999999,0.012,-0.0109,0.0009,0.0040999999999999995
199709,0.0535,0.024900000000000002,0.0038,-0.016200000000000003,-0.0085,0.0044
199710,-0.038,-0.0055000000000000005,0.0225,0.0104,0.018799999999999997,0.0042
199711,0.0298,-0.051,0.011899999999999999,0.0281,0.0167,0.0039000000000000003
199712,0.0132,-0.0202,0.038599999999999995,0.008,0.0199,0.0048
199801,0.0015,-0.013600000000000001,-0.0159,0.0087,-0.0084,0.0043
199802,0.0704,0.002,-0.0085,-0.0034000000000000002,-0.0232,0.0039000000000000003
199803,0.047599999999999996,-0.0063,0.0141,-0.0029,-0.0040999999999999995,0.0039000000000000003
199804,0.0073,-0.0005,0.009000000000000001,-0.0167,-0.0044,0.0043
199805,-0.030699999999999998,-0.0292,0.034,0.0108,0.0274,0.004
199806,0.0318,-0.036699999999999997,-0.0196,-0.0026,-0.0313,0.0040999999999999995
199807,-0.0246,-0.0527,-0.0176,0.0172,0.0045000000000000005,0.004
199808,-0.16079999999999997,-0.051699999999999996,0.036000000000000004,0.0344,0.058899999999999994,0.0043
199809,0.061500000000000006,-0.0077,-0.0337,-0.019,-0.0297,0.0046
199810,0.0713,-0.0342,-0.0229,0.009399999999999999,0.0032,0.0032
199811,0.061,0.0070999999999999995,-0.0323,-0.0091,-0.011399999999999999,0.0031
199812,0.0616,-0.015700000000000002,-0.0418,-0.0076,-0.0341,0.0038
199901,0.035,-0.0073,-0.0462,-0.0279,-0.0678,0.0034999999999999996
199902,-0.0408,-0.052000000000000005,0.018799999999999997,-0.011699999999999999,0.0406,0.0034999999999999996
199903,0.0345,-0.042300000000000004,-0.0277,-0.040999999999999995,-0.0141,0.0043
199904,0.0433,0.0453,0.0241,-0.0255,0.009300000000000001,0.0037
199905,-0.0246,0.0374,0.023,0.01,0.0332,0.0034000000000000002
199906,0.04769999999999999,0.023,-0.0327,0.011200000000000002,-0.032400000000000005,0.004
199907,-0.0349,0.025699999999999997,-0.0042,0.0038,0.0319,0.0038
199908,-0.0138,-0.0172,-0.0184,-0.0021,0.0063,0.0039000000000000003
199909,-0.0279,0.0262,-0.0348,-0.0074,-0.011699999999999999,0.0039000000000000003
199910,0.061200000000000004,-0.0689,-0.0337,-0.0172,-0.012199999999999999,0.0039000000000000003
199911,0.0337,0.057999999999999996,-0.0616,-0.0429,-0.0178,0.0036
199912,0.07719999999999999,0.053399999999999996,-0.0832,-0.076,-0.056100000000000004,0.0044
200001,-0.047400000000000005,0.044500000000000005,-0.0189,-0.0629,0.047400000000000005,0.0040999999999999995
200002,0.0245,0.1838,-0.0981,-0.18760000000000002,-0.0034999999999999996,0.0043
200003,0.052000000000000005,-0.1539,0.0823,0.1182,-0.0161,0.004699999999999999
200004,-0.064,-0.0496,0.0725,0.0767,0.0562,0.0046
200005,-0.044199999999999996,-0.0387,0.0483,0.0418,0.0132,0.005
200006,0.0464,0.0987,-0.08410000000000001,-0.08259999999999999,-0.0291,0.004
200007,-0.025099999999999997,-0.0102,0.0833,0.060899999999999996,0.0296,0.0048
200008,0.0703,-0.0101,-0.0137,-0.0301,0.0106,0.005
200009,-0.0545,0.0026,0.0717,0.028900000000000002,0.0556,0.0051
200010,-0.0276,-0.027200000000000002,0.0564,0.0928,0.0384,0.005600000000000001
200011,-0.1072,-0.0058,0.1234,0.1338,0.0842,0.0051
200012,0.011899999999999999,0.033,0.076,0.024399999999999998,0.0479,0.005
200101,0.0313,0.0545,-0.051100000000000007,-0.0546,-0.050499999999999996,0.0054
200102,-0.1005,0.0279,0.12480000000000001,0.09119999999999999,0.0906,0.0038
200103,-0.0726,0.0236,0.0643,0.0339,0.039,0.0042
200104,0.0794,-0.0088,-0.046900000000000004,-0.0348,-0.0318,0.0039000000000000003
200105,0.0072,0.0359,0.0336,0.0025,0.0191,0.0032
200106,-0.0194,0.06570000000000001,-0.0113,0.0127,-0.0151,0.0028000000000000004
200107,-0.0213,-0.028300000000000002,0.0521,0.0742,0.0304,0.003
200108,-0.0646,0.0271,0.023,0.0406,0.06559999999999999,0.0031
200109,-0.0925,-0.057300000000000004,0.0146,0.050300000000000004,0.0322,0.0028000000000000004
200110,0.0246,0.0528,-0.0766,-0.0301,-0.0455,0.0022
200111,0.0754,-0.0031,0.0222,-0.0374,-0.0166,0.0017000000000000001
200112,0.016,0.0516,0.0085,0.0034999999999999996,-0.0028000000000000004,0.0015
200201,-0.0144,0.0125,0.0344,0.046900000000000004,0.0285,0.0014000000000000002
200202,-0.0229,-0.0036,0.0216,0.0806,0.051,0.0013
200203,0.0424,0.0424,0.010700000000000001,-0.0178,0.0059,0.0013
200204,-0.052000000000000005,0.0673,0.0388,0.045899999999999996,0.0537,0.0015
200205,-0.0138,-0.0302,0.015300000000000001,0.0235,0.0242,0.0014000000000000002
200206,-0.0721,0.0388,-0.0003,0.0393,0.025099999999999997,0.0013
200207,-0.0818,-0.0642,-0.0387,0.037599999999999995,-0.0102,0.0015
200208,0.005,-0.0132,0.0331,0.0134,-0.014199999999999999,0.0014000000000000002
200209,-0.1035,0.031,0.0144,0.0326,-0.0222,0.0014000000000000002
200210,0.0784,-0.043,-0.0395,-0.0336,0.0078000000000000005,0.0014000000000000002
200211,0.0596,0.029500000000000002,-0.0127,-0.0919,0.051500000000000004,0.0012
200212,-0.0576,0.0064,0.0213,0.06269999999999999,-0.0169,0.0011
200301,-0.025699999999999997,0.0067,-0.0073,-0.0103,0.0076,0.001
200302,-0.018799999999999997,-0.009300000000000001,-0.0138,0.0087,-0.0060999999999999995,0.0009
200303,0.0109,0.0068000000000000005,-0.019299999999999998,0.0187,-0.0076,0.001
200304,0.08220000000000001,0.0105,0.011699999999999999,-0.0467,0.0108,0.001
200305,0.0605,0.048499999999999995,0.0053,-0.0702,0.0302,0.0009
200306,0.014199999999999999,0.0166,0.0019,0.0044,-0.0034000000000000002,0.001
200307,0.0235,0.0458,-0.011899999999999999,-0.042300000000000004,0.018500000000000003,0.0007000000000000001
200308,0.023399999999999997,0.0252,0.0154,-0.022099999999999998,0.0213,0.0007000000000000001
200309,-0.0124,0.0055000000000000005,0.001,0.0106,0.0034000000000000002,0.0008
200310,0.0608,0.026699999999999998,0.0192,-0.013000000000000001,0.0148,0.0007000000000000001
200311,0.013500000000000002,0.0225,0.0181,0.0012,0.0181,0.0007000000000000001
200312,0.0429,-0.0253,0.016,0.0051,0.0095,0.0008
200401,0.0215,0.024399999999999998,0.0246,-0.0366,0.0339,0.0007000000000000001
200402,0.013999999999999999,-0.0088,0.0087,0.0215,-0.012199999999999999,0.0006
200403,-0.0132,0.0212,0.0023,0.0161,-0.009899999999999999,0.0009
200404,-0.0183,-0.0207,-0.0302,0.0342,-0.0276,0.0008
200405,0.011699999999999999,-0.0042,-0.0023,-0.0115,0.0,0.0006
200406,0.018600000000000002,0.025699999999999997,0.0123,0.011899999999999999,-0.0038,0.0008
200407,-0.0406,-0.029500000000000002,0.0322,0.053099999999999994,-0.0166,0.001
200408,0.0008,-0.0115,0.01,0.0124,-0.0144,0.0011
200409,0.016,0.0327,-0.0002,-0.0144,-0.0189,0.0011
200410,0.0143,0.0019,-0.0025,-0.0049,0.0049,0.0011
200411,0.0454,0.041100000000000005,0.014499999999999999,-0.0059,-0.0021,0.0015
200412,0.034300000000000004,-0.0005,-0.0021,-0.011699999999999999,0.0046,0.0016
200501,-0.0276,-0.0118,0.0207,0.027200000000000002,-0.0146,0.0016
200502,0.0189,-0.003,0.0154,0.014199999999999999,-0.0005,0.0016
200503,-0.0197,-0.014199999999999999,0.020499999999999997,0.0045000000000000005,0.0129,0.0021
200504,-0.026099999999999998,-0.0398,0.0005,0.009399999999999999,-0.0095,0.0021
200505,0.0365,0.0279,-0.0059,-0.0095,0.0029,0.0024
200506,0.005699999999999999,0.032799999999999996,0.0281,0.0096,-0.0052,0.0023
200507,0.0392,0.0279,-0.0078000000000000005,-0.0123,-0.008100000000000001,0.0024
200508,-0.012199999999999999,-0.009000000000000001,0.0134,-0.021099999999999997,0.0036,0.003
200509,0.0049,-0.0036,0.0069,0.0027,-0.006,0.0029
200510,-0.0202,-0.0143,0.0040999999999999995,-0.009399999999999999,-0.0129,0.0027
200511,0.0361,0.0084,-0.012,-0.0074,-0.011399999999999999,0.0031
200512,-0.0025,-0.002,0.0022,0.0021,0.0023,0.0032
200601,0.0304,0.057699999999999994,0.0109,-0.0066,-0.0043,0.0034999999999999996
200602,-0.003,-0.0043,-0.0037,-0.005,0.019,0.0034000000000000002
200603,0.0146,0.034,0.0055000000000000005,0.001,-0.004,0.0037
200604,0.0073,-0.0085,0.023399999999999997,0.0179,-0.0001,0.0036
200605,-0.035699999999999996,-0.0286,0.0239,0.0115,0.0146,0.0043
200606,-0.0034999999999999996,-0.0022,0.008,0.013300000000000001,-0.0008,0.004
200607,-0.0078000000000000005,-0.0364,0.0262,0.016399999999999998,0.009000000000000001,0.004
200608,0.0203,0.0042,-0.0204,-0.019,0.0215,0.0042
200609,0.0184,-0.0143,0.0006,0.0086,0.005699999999999999,0.0040999999999999995
200610,0.0323,0.0195,-0.0026,-0.0016,0.0028000000000000004,0.0040999999999999995
200611,0.0171,0.0073,0.0011,0.0018,-0.0083,0.0042
200612,0.0087,-0.008,0.0271,-0.0070999999999999995,0.020499999999999997,0.004
200701,0.013999999999999999,0.0009,-0.006999999999999999,0.0027,0.0036,0.0044
200702,-0.0196,0.0128,-0.0012,-0.005,-0.0072,0.0038
200703,0.0068000000000000005,0.0018,-0.009399999999999999,0.0060999999999999995,-0.0066,0.0043
200704,0.0349,-0.0206,-0.0143,0.011000000000000001,0.0105,0.0044
200705,0.032400000000000005,0.0038,-0.0062,0.0155,-0.013600000000000001,0.0040999999999999995
200706,-0.0196,0.0075,-0.010700000000000001,0.0053,0.0008,0.004
200707,-0.0373,-0.0298,-0.0373,0.0019,-0.0111,0.004
200708,0.0092,-0.0038,-0.0189,-0.0123,-0.0054,0.0042
200709,0.0322,-0.0242,-0.0223,-0.005600000000000001,-0.0302,0.0032
200710,0.018000000000000002,-0.0004,-0.0311,-0.0031,-0.0012,0.0032
200711,-0.0483,-0.0302,-0.009399999999999999,0.018799999999999997,-0.0027,0.0034000000000000002
200712,-0.0087,0.0018,-0.0052,0.008199999999999999,-0.0106,0.0027
200801,-0.0636,-0.0060999999999999995,0.0401,0.022099999999999998,0.0213,0.0021
200802,-0.030899999999999997,-0.0064,-0.0084,0.0083,-0.009300000000000001,0.0013
200803,-0.009300000000000001,0.0060999999999999995,0.0034999999999999996,0.008,0.0051,0.0017000000000000001
200804,0.046,-0.011899999999999999,-0.0109,0.0168,-0.0246,0.0018
200805,0.018600000000000002,0.0302,-0.015300000000000001,0.0091,-0.0006,0.0018
200806,-0.08439999999999999,0.011899999999999999,-0.027000000000000003,0.049400000000000006,-0.005600000000000001,0.0017000000000000001
200807,-0.0077,0.037000000000000005,0.0527,-0.013500000000000002,0.0103,0.0015
200808,0.015300000000000001,0.034,0.0148,0.018799999999999997,0.0085,0.0013
200809,-0.0924,0.0025,0.059000000000000004,0.0241,0.018000000000000002,0.0015
200810,-0.1723,-0.032799999999999996,-0.0222,0.029900000000000003,0.0204,0.0008
200811,-0.0786,-0.0392,-0.063,0.0452,0.0274,0.0003
200812,0.0174,0.0331,0.0007000000000000001,0.0013,-0.0151,0.0
200901,-0.0812,-0.0208,-0.11109999999999999,0.0011,-0.011899999999999999,0.0
200902,-0.10099999999999999,-0.013000000000000001,-0.0691,0.0111,-0.0105,0.0001
200903,0.0895,0.0066,0.0334,-0.0252,-0.0219,0.0002
200904,0.1018,0.0704,0.0526,0.0128,0.0011,0.0001
200905,0.0521,-0.0231,0.0037,-0.0074,-0.022000000000000002,0.0
200906,0.0043,0.0231,-0.027200000000000002,-0.0134,-0.0031,0.0001
200907,0.07719999999999999,0.024,0.0484,-0.0036,0.0315,0.0001
200908,0.0333,-0.0008,0.07629999999999999,-0.0292,0.033,0.0001
200909,0.0408,0.027200000000000002,0.0104,0.0125,0.0034999999999999996,0.0001
200910,-0.0259,-0.0492,-0.042,0.0417,-0.0146,0.0
200911,0.0556,-0.0268,-0.0033,0.0098,0.0011,0.0
200912,0.0275,0.062400000000000004,-0.0017000000000000001,0.0105,-0.001,0.0001
201001,-0.0336,0.0034999999999999996,0.0043,-0.0123,0.0044,0.0
201002,0.034,0.0151,0.0322,-0.0028000000000000004,0.013999999999999999,0.0
201003,0.06309999999999999,0.018500000000000003,0.022099999999999998,-0.0063,0.0167,0.0001
201004,0.02,0.049800000000000004,0.028900000000000002,0.006999999999999999,0.0174,0.0001
201005,-0.0789,0.0004,-0.024399999999999998,0.0127,-0.0023,0.0001
201006,-0.0557,-0.024700000000000003,-0.047,-0.0018,-0.0155,0.0001
201007,0.0693,0.0016,-0.003,0.0026,0.0199,0.0001
201008,-0.04769999999999999,-0.0311,-0.0196,0.0058,-0.0166,0.0001
201009,0.09539999999999998,0.037599999999999995,-0.0317,-0.0019,0.0037,0.0001
201010,0.0388,0.0086,-0.024900000000000002,0.0127,-0.0031,0.0001
201011,0.006,0.0366,-0.0088,0.004,0.0151,0.0001
201012,0.0682,0.0098,0.0378,-0.0353,0.0316,0.0001
201101,0.0199,-0.023700000000000002,0.0077,-0.006500000000000001,0.0083,0.0001
201102,0.0349,0.0161,0.0124,-0.019299999999999998,0.0087,0.0001
201103,0.0046,0.0264,-0.018799999999999997,0.0179,0.0,0.0001
201104,0.028999999999999998,-0.005,-0.0248,0.0108,-0.0085,0.0
201105,-0.0127,-0.0070999999999999995,-0.02,0.018799999999999997,-0.0146,0.0
201106,-0.0175,0.0013,-0.0038,0.024399999999999998,-0.0148,0.0
201107,-0.0235,-0.012199999999999999,-0.0091,0.0273,-0.0178,0.0
201108,-0.0599,-0.0322,-0.024,0.033,-0.0031,0.0001
201109,-0.0759,-0.036699999999999997,-0.0175,0.0203,0.0021,0.0
201110,0.11349999999999999,0.0348,0.0012,-0.021400000000000002,-0.0087,0.0
201111,-0.0028000000000000004,-0.0028000000000000004,-0.0046,0.0183,0.0151,0.0
201112,0.0074,-0.0033,0.0161,0.0101,0.024900000000000002,0.0
201201,0.050499999999999996,0.0207,-0.009399999999999999,-0.020099999999999996,-0.0146,0.0
201202,0.044199999999999996,-0.0171,0.0043,-0.004699999999999999,-0.0004,0.0
201203,0.0311,-0.0049,0.011200000000000002,-0.0055000000000000005,0.0069,0.0
201204,-0.0085,-0.0054,-0.0077,0.0131,0.0069,0.0
201205,-0.061900000000000004,-0.001,-0.0106,0.021,0.023399999999999997,0.0001
201206,0.038900000000000004,0.008100000000000001,0.0059,-0.010700000000000001,0.0044,0.0
201207,0.0079,-0.0276,-0.0012,0.0113,0.0003,0.0
201208,0.0255,0.0045000000000000005,0.013000000000000001,-0.013300000000000001,-0.0088,0.0001
201209,0.0273,0.0064,0.0158,-0.0151,0.0151,0.0001
201210,-0.0176,-0.0091,0.0356,-0.0134,0.0255,0.0001
201211,0.0078000000000000005,0.0044,-0.0083,0.006500000000000001,0.0086,0.0001
201212,0.0118,0.0192,0.0353,-0.018600000000000002,0.0086,0.0001
201301,0.0557,0.0046,0.0095,-0.019299999999999998,0.0143,0.0
201302,0.0129,-0.0029,0.001,-0.0066,0.005699999999999999,0.0
201303,0.0403,0.0087,-0.0023,0.0013,0.0137,0.0
201304,0.0155,-0.022400000000000003,0.005,0.0027,0.0039000000000000003,0.0
201305,0.027999999999999997,0.0208,0.026699999999999998,-0.0199,-0.009300000000000001,0.0
201306,-0.012,0.015600000000000001,0.0005,-0.0039000000000000003,0.0001,0.0
201307,0.0565,0.0181,0.005699999999999999,-0.013500000000000002,0.0053,0.0
201308,-0.0271,-0.0007000000000000001,-0.0268,0.0067,-0.0216,0.0
201309,0.0377,0.0265,-0.0123,-0.005600000000000001,-0.013999999999999999,0.0
201310,0.0418,-0.015,0.0126,0.0276,0.0092,0.0
201311,0.0313,0.013999999999999999,0.0028000000000000004,0.0016,0.0004,0.0
201312,0.0281,-0.0044,-0.0001,-0.0046,0.0008,0.0
201401,-0.0332,0.0059,-0.0202,-0.0388,-0.0143,0.0
201402,0.04650000000000001,0.0016,-0.0031,-0.0023,-0.0048,0.0
201403,0.0043,-0.0113,0.0492,0.021099999999999997,0.019799999999999998,0.0
201404,-0.0019,-0.041299999999999996,0.011399999999999999,0.0345,0.0103,0.0
201405,0.0206,-0.0189,-0.0013,0.0005,-0.0101,0.0
201406,0.026099999999999998,0.031,-0.0069,-0.018799999999999997,-0.0199,0.0
201407,-0.0204,-0.042800000000000005,0.0002,0.0089,0.0049,0.0
201408,0.0424,0.003,-0.0043,-0.0062,-0.0068000000000000005,0.0
201409,-0.0197,-0.0373,-0.013500000000000002,0.0131,-0.005,0.0
201410,0.0252,0.0375,-0.0183,-0.0048,-0.0012,0.0
201411,0.0255,-0.0226,-0.030899999999999997,0.0154,0.0025,0.0
201412,-0.0006,0.0287,0.0227,-0.012199999999999999,0.0095,0.0
201501,-0.0311,-0.009000000000000001,-0.0361,0.016399999999999998,-0.0168,0.0
201502,0.0613,0.003,-0.018600000000000002,-0.011200000000000002,-0.0179,0.0
201503,-0.011200000000000002,0.031,-0.0040999999999999995,0.0015,-0.0054,0.0
201504,0.0059,-0.030699999999999998,0.0183,0.0001,-0.0064,0.0
201505,0.013600000000000001,0.008199999999999999,-0.011200000000000002,-0.0177,-0.0072,0.0
201506,-0.015300000000000001,0.028900000000000002,-0.0078000000000000005,0.0043,-0.015600000000000001,0.0
201507,0.0154,-0.0458,-0.0407,0.0034000000000000002,-0.024700000000000003,0.0
201508,-0.0604,0.0027,0.027999999999999997,0.0064,0.0127,0.0
201509,-0.030699999999999998,-0.0278,0.0058,0.0183,-0.005699999999999999,0.0
201510,0.0775,-0.0206,-0.0045000000000000005,0.0086,0.0053,0.0
201511,0.005600000000000001,0.0331,-0.0038,-0.027200000000000002,-0.0102,0.0
201512,-0.0217,-0.0297,-0.0259,0.004699999999999999,0.0002,0.0001
201601,-0.057699999999999994,-0.0342,0.0207,0.0281,0.030899999999999997,0.0001
201602,-0.0008,0.009300000000000001,-0.005699999999999999,0.0332,0.0196,0.0002
201603,0.0696,0.0101,0.011000000000000001,0.0073,-0.0002,0.0002
201604,0.0092,0.0115,0.0321,-0.0292,0.0189,0.0001
201605,0.0178,-0.0064,-0.0165,-0.0109,-0.024900000000000002,0.0001
201606,-0.0005,0.0043,-0.014499999999999999,0.0146,0.0194,0.0002
201607,0.0395,0.024900000000000002,-0.0129,0.0125,-0.011699999999999999,0.0002
201608,0.005,0.0169,0.0311,-0.0189,-0.0034000000000000002,0.0002
201609,0.0025,0.0187,-0.0121,-0.0223,0.0002,0.0002
201610,-0.0202,-0.0405,0.0412,0.0096,0.0023,0.0002
201611,0.048600000000000004,0.0703,0.0821,-0.0017000000000000001,0.037000000000000005,0.0001
201612,0.0181,0.004,0.036000000000000004,0.0124,-0.0023,0.0003
201701,0.0194,-0.014199999999999999,-0.0274,-0.005,-0.0098,0.0004
201702,0.035699999999999996,-0.0223,-0.0167,0.0043,-0.0184,0.0004
201703,0.0017000000000000001,0.0074,-0.0333,0.0063,-0.009399999999999999,0.0003
201704,0.0109,0.004699999999999999,-0.0213,0.0192,-0.016200000000000003,0.0005
201705,0.0106,-0.030299999999999997,-0.0375,0.0095,-0.018000000000000002,0.0006
201706,0.0078000000000000005,0.025699999999999997,0.0149,-0.0226,0.0,0.0006
201707,0.0187,-0.016200000000000003,-0.0022,-0.0059,-0.0015,0.0007000000000000001
201708,0.0016,-0.0182,-0.0207,0.0012,-0.0235,0.0009
201709,0.025099999999999997,0.047400000000000005,0.030899999999999997,-0.015,0.0163,0.0009
201710,0.0225,-0.0195,0.0022,0.0085,-0.0323,0.0009
201711,0.031200000000000002,-0.0034999999999999996,-0.0005,0.0317,-0.001,0.0008
201712,0.0106,-0.010700000000000001,0.0003,0.0075,0.0166,0.0009
201801,0.0558,-0.0325,-0.013600000000000001,-0.0072,-0.0101,0.0011
201802,-0.0365,0.0032,-0.0103,0.005600000000000001,-0.0232,0.0011
201803,-0.0235,0.0359,-0.0023,-0.0048,0.0,0.0012
201804,0.0029,0.0091,0.0048,-0.0241,0.0126,0.0014000000000000002
201805,0.0265,0.0479,-0.0313,-0.020499999999999997,-0.0148,0.0014000000000000002
201806,0.0048,0.008100000000000001,-0.0233,0.008199999999999999,0.0021,0.0014000000000000002
201807,0.0319,-0.0195,0.0045000000000000005,0.015300000000000001,0.0036,0.0016
201808,0.0344,0.0063,-0.0398,-0.0029,-0.0264,0.0016
201809,0.0006,-0.025,-0.017,0.0067,0.0128,0.0015
201810,-0.0768,-0.045,0.034300000000000004,0.01,0.0354,0.0019
201811,0.0169,-0.0076,0.0026,-0.0062,0.004,0.0018
201812,-0.0955,-0.0291,-0.019,-0.0003,0.002,0.0019
201901,0.08410000000000001,0.0301,-0.0044,-0.0078000000000000005,-0.015300000000000001,0.0021
201902,0.034,0.0173,-0.0268,0.0021,-0.0161,0.0018
201903,0.011000000000000001,-0.0346,-0.0405,0.0078000000000000005,-0.009899999999999999,0.0019
201904,0.039599999999999996,-0.011699999999999999,0.0217,0.0166,-0.022400000000000003,0.0021
201905,-0.0694,-0.0159,-0.023700000000000002,-0.005,0.0174,0.0021
201906,0.0693,0.0032,-0.0070999999999999995,0.0088,-0.0048,0.0018
201907,0.011899999999999999,-0.0178,0.0042,-0.0007000000000000001,0.0037,0.0019
201908,-0.0258,-0.0321,-0.0495,0.0055000000000000005,-0.0069,0.0016
201909,0.0143,0.0027,0.0683,0.0184,0.0336,0.0018
201910,0.0206,0.0026,-0.019299999999999998,0.0044,-0.0096,0.0015
201911,0.0387,0.0045000000000000005,-0.0202,-0.0159,-0.0125,0.0012
201912,0.0277,0.0097,0.0179,0.0,0.012199999999999999,0.0014000000000000002
202001,-0.0011,-0.0438,-0.062400000000000004,-0.0118,-0.0232,0.0013
202002,-0.08130000000000001,0.0002,-0.0379,-0.0147,-0.025099999999999997,0.0012
202003,-0.1338,-0.0832,-0.1402,-0.0151,0.0126,0.0012
202004,0.1365,0.0258,-0.0118,0.027000000000000003,-0.0101,0.0
202005,0.0558,0.0197,-0.048,0.0096,-0.0325,0.0001
202006,0.0246,0.0196,-0.0204,0.0009,0.0053,0.0001
202007,0.057699999999999994,-0.0315,-0.0146,0.0039000000000000003,0.0089,0.0001
202008,0.07629999999999999,-0.0087,-0.029300000000000003,0.042699999999999995,-0.013000000000000001,0.0001
202009,-0.0363,-0.0007000000000000001,-0.026600000000000002,-0.0129,-0.0177,0.0001
202010,-0.021,0.0467,0.04190000000000001,-0.009300000000000001,-0.0073,0.0001
202011,0.1247,0.0706,0.0199,-0.0217,0.0132,0.0001
202012,0.0463,0.0475,-0.015600000000000001,-0.0191,-0.0015,0.0001
202101,-0.0003,0.0683,0.0294,-0.0365,0.0479,0.0
202102,0.0278,0.0446,0.07200000000000001,0.0040999999999999995,-0.019299999999999998,0.0
202103,0.0308,-0.0087,0.0732,0.063,0.0348,0.0
202104,0.0493,-0.031,-0.009899999999999999,0.0236,-0.0277,0.0
202105,0.0029,0.0124,0.0703,0.023799999999999998,0.030600000000000002,0.0
202106,0.0275,-0.0029,-0.0781,-0.021,-0.0097,0.0
202107,0.0127,-0.045599999999999995,-0.0175,0.0537,-0.0055000000000000005,0.0
202108,0.028999999999999998,-0.0079,-0.0013,-0.0026,-0.0167,0.0
202109,-0.0437,0.0125,0.0509,-0.0194,0.0208,0.0
202110,0.0665,-0.0269,-0.0044,0.0174,-0.0148,0.0
202111,-0.0155,-0.0174,-0.0053,0.0738,0.016,0.0
202112,0.031,-0.0068000000000000005,0.0322,0.0475,0.0438,0.0001
