date_m,mySMB,SMB,myHML,HML,myRMW,RMW,myCMA,CMA
196307,-0.01464943406285396,-0.0044,-0.00808918872004687,-0.0089,0.008685251015646947,0.0068,-0.013091178811580721,-0.0123
196308,-0.004161875618427513,-0.0075,0.006446781490958203,0.0168,0.004138782010755529,0.0036,0.0006283143126588134,-0.0034
196309,-0.005737565884615161,-0.0055,0.009871475386502845,0.0008,-0.0050499335989935765,-0.0070999999999999,0.004791557176833735,0.0029
196310,-0.007137652406030277,-0.0137,-0.02130596531901507,-0.0014,0.030271361481414155,0.0279999999999999,-0.022580690090447553,-0.0202
196311,-0.009076984855185622,-0.0089,0.015440925381549554,0.0181,-0.006794895970415317,-0.0051,0.018131349886939346,0.0231
196312,-0.015299723763641694,-0.0207,0.0006819206316133995,-0.0008,-0.0013740167185865536,0.0003,-0.00252921711070978,-0.0004
196401,-0.0024136855831185244,0.0011,0.008516658487616794,0.0147,0.011015936626599616,0.0017,0.005145830611789234,0.0151
196402,0.0034837582592377597,0.003,0.02835145457199836,0.0274,-0.004123395343886858,-0.0005,0.01247311073847525,0.009
196403,0.024646155884859654,0.0136,0.024201630315117406,0.0336,-0.006965086405905624,-0.0220999999999999,0.030970638985148506,0.0319
196404,-0.015016316693301833,-0.0159,0.016726555559722297,-0.0058,-0.0252122377789281,-0.0127,-0.01599150864290611,-0.0104
196405,-0.006031282440245872,-0.0064,0.013840981236317072,0.0182,-0.004337835796637997,-0.0016,0.0029424757546023025,0.0014
196406,0.004302267979180725,0.0031,0.008380992357789996,0.0063,-0.008992287933198197,-0.0028,-0.0046789828561506226,-0.0015
196407,0.009356316401635426,0.0046999999999999,-0.024862618404147642,0.0075,0.012071166335766333,0.0004,0.014110246933533691,0.0194
196408,0.007851761999380548,0.0042,0.0003521140089445497,0.0008,-0.004254572113573929,0.0015,-0.0016628213419393415,0.0033
196409,0.000641214944933504,-0.0033,0.014085128557058443,0.017,-0.012127288208478866,-0.0054,0.0070764146582354,0.0060999999999999
196410,0.014868906000602884,0.0091,-0.0022653722361403016,0.0116999999999999,-0.00612084194510773,-0.0038,0.005706390015330475,0.0043
196411,0.0005015080725529748,-0.0015,-0.03871228224202884,-0.0196,0.004355774070875595,0.0062,-0.004729218062781277,-0.0026
196412,-0.011988704855663996,-0.0069999999999999,-0.03109000067983688,-0.0248,0.018674843504014552,0.0104,-0.01083837579716444,-0.0148
196501,0.027869296789910007,0.0243999999999999,0.005447576511380302,0.0012,0.01702150071640924,0.0089,-0.0008613522133463086,0.001
196502,0.0342685422772925,0.0329,0.0003651417741836298,0.0011,0.006179382016007269,0.002,-0.00929769512827247,-0.0065
196503,0.019439128722683503,0.0210999999999999,0.009865339026619931,0.0103,0.0025200659455953513,-0.0036,0.002977392898546252,0.0072
196504,0.009384560259910982,0.0111,0.008183623039062768,0.0066,0.006913445846772531,0.0040999999999999,-0.02762967406326987,-0.0227
196505,-0.0006214226357841727,0.0013,-0.0055961560512653805,-0.0161,-0.0057823362370026665,-0.004,0.005600879080465361,0.005
196506,-0.03942284059853078,-0.0428,-0.012773259931944628,0.0059,-0.004938055769742711,0.0021,0.0010190897011857492,0.0037
196507,0.01548316677042853,0.0107,0.011321661441055939,0.0214,-0.012967197564310626,-0.0137,0.004718249742595139,0.0003
196508,0.027720256825306266,0.0271,-0.011706359110925161,-0.0102,0.015140205875148548,0.019,-0.01021035680691694,-0.0074
196509,0.0048264132572469545,0.0062,-0.006090112991324836,-0.0012,-0.0051608612949393465,-0.0089,0.002648886880573652,0.008
196510,0.03104543727658226,0.0347,0.019491851173209007,0.0157,0.016302405580017804,0.0116999999999999,-0.006537636223941802,-0.0065
196511,0.04549000648616232,0.0518,-0.0072105936853507965,0.001,0.013416327152991975,-0.0101,-0.005223080066752889,-0.0093999999999999
196512,0.029311415392366928,0.0266,0.02902471626522831,0.0202,-0.020051675926604434,-0.0113999999999999,-0.000932570178413996,-0.0053
196601,0.04638582687997056,0.0467,0.021990230028689748,0.0353,-0.021113257199125546,-0.0282,0.0007826839910246436,-0.0011
196602,0.0354835093810871,0.0471,0.025947941311328087,0.0029,-0.00962961266523028,-0.0017,-0.01628970814808959,-0.0149
196603,0.0026889397588075042,0.0032,-0.025713921700584463,-0.02,0.02055231582857107,0.013,-7.629216792460342e-05,0.0006
196604,0.020477714536136195,0.0334,-0.010901744537078376,-0.0046999999999999,-0.0033262141167186496,0.0039,-0.008547004349819101,-0.0095
196605,-0.038400877784511206,-0.051,-0.029291992773549463,-0.0161,0.023004474737224584,0.0163999999999999,-0.010745863091833743,-0.0152
196606,0.01608436903163165,0.0137,0.015259868190768435,0.0049,-0.004802240320027063,0.0015,0.006997911168855075,0.0078
196607,-0.000157455932062631,-0.0048,0.003192842333769272,0.0098999999999999,-0.006090150346132863,-0.004,0.015170222796415177,0.0182
196608,-0.02975574097475163,-0.0314,0.021744469202750236,0.0044,-0.01696696546035857,-0.0012,0.011442398657957237,0.0079
196609,-0.011290347584464407,-0.0113999999999999,0.001561038843197006,0.0051,-0.00618728696058197,-0.0179,0.02506807623425057,0.0233
196610,-0.04706253831301234,-0.0645,0.02141022372370139,0.0268,-0.038899204757776445,-0.0348,0.03512525015743858,0.0424
196611,0.025256263905862355,0.0347,-0.06288544102317835,-0.0476999999999999,0.04742033044687731,0.0415,-0.06254708204675785,-0.0669
196612,0.01721026244067769,0.0216,-0.003711562429373738,-0.0132,-0.0027856748632783083,0.0064,0.00018550977955772083,-0.0045
196701,0.08895120608214153,0.0907,0.021158995836206285,0.0225,0.013314916680828542,0.0093,-0.03201405938113824,-0.0313
196702,0.018473996466982966,0.0305,-0.026746333942094903,-0.0218,0.014562436311167591,0.0204999999999999,-0.007638808563134956,-0.0096
196703,0.025823754850503818,0.0173,0.005010255689836582,0.0054,0.006448710860267617,0.0098,-0.01963053216440184,-0.0144999999999999
196704,-0.002516126015635646,0.0042,-0.02328827727878416,-0.0245,0.03962340122292831,0.0237999999999999,-0.04420980437137685,-0.0364
196705,0.03091425077359383,0.0219,0.009595713298021509,0.0118,-0.009949130577302963,-0.017,0.023654953417835703,0.0181
196706,0.05523224169908321,0.0641,0.01740745834334389,0.0085,-0.010311672611691337,-0.0064,-0.022058869269116755,-0.0241
196707,0.033441916080547474,0.0352,0.029173574275740827,0.0272,0.0071280681984456085,0.0052,0.018903842565713758,0.027
196708,0.009488742814368758,0.0067,0.013267786001169662,0.0152,0.00294734553992933,0.0036,0.015503694395046258,0.0144999999999999
196709,0.016432125119581448,0.0242,-0.010740762511461686,-0.0242,0.00934784474598517,0.0023,-0.011927155238704745,-0.0095
196710,-0.0013800580089353698,0.0046999999999999,-0.025284629509700857,-0.0322,0.0073191497379264114,0.0107,-0.028485554985224378,-0.0262
196711,-0.0014918304628510981,-0.0006,-0.021466827849084723,-0.0169,0.016233630252420476,0.0135,-0.023896768082908894,-0.0233999999999999
196712,0.04525411037035343,0.0578,-0.0014946032730098063,-0.0063,-0.008562583678375327,-0.0081999999999999,-0.0051746969549761185,0.0013
196801,0.04752502248422902,0.0448,0.05474187237438142,0.0484,-0.05525315918614774,-0.0458999999999999,0.06265340863752292,0.0646
196802,-0.024971518987778055,-0.0292,0.01424770028893594,0.0133,-0.009830176498241139,-0.0014,0.026963916482301127,0.0245
196803,-0.01649623052308899,-0.016,-0.01700901827499119,-0.0059,0.015141079159816958,0.0106,-0.01789696427535067,-0.011
196804,0.05399942431303564,0.0617999999999999,-0.019526724232386522,-0.0116999999999999,0.04731555402022232,0.027,-0.039884471450349596,-0.0365
196805,0.06754728653920455,0.071,-0.007910307139459685,0.0066,0.015451904119019498,0.0031,-0.022838932451031746,-0.0192
196806,-0.0020724370488089134,-0.0036,0.011606491524471041,0.0083,-0.01462295048251944,-0.0131,0.02759026121122201,0.0276
196807,-0.014683959342919592,-0.0141999999999999,0.059001263541343565,0.0538999999999999,-0.03133675859132061,-0.0314,0.03704349277482389,0.0364
196808,0.024221236615628812,0.0226,0.012705043465228626,0.01,-0.009033066383935865,-0.0069999999999999,0.0014527064081233734,0.0045
196809,0.027571310392754067,0.0283999999999999,0.004156896568490331,0.003,-0.015615428961341257,-0.0199,0.005308851302856084,0.0088
196810,0.0019246304080671132,-0.0038,0.038046019095058774,0.0286,-0.019992726083714076,-0.0132,0.023987917041733385,0.0253
196811,0.018895247116703574,0.0241,-0.016988329601923285,-0.0093,0.003895611246637218,0.0043,-0.021227170932452813,-0.0226
196812,0.0354439662850978,0.0356,0.0008140450938514295,-0.0001,-0.016605562036750614,-0.0186,0.015737568484955555,0.017
196901,-0.0015219571849213291,-0.0045,0.012928984048370345,0.0168,-0.011627974992434635,-0.0155,0.01532494132492681,0.0137
196902,-0.03858299277328137,-0.0417,0.01315198530042195,0.009,0.012694819219926476,0.0207,0.01101629607368211,0.0078
196903,-0.013031630168224492,-0.0042,-0.001593742638141299,-0.0052,-0.010104192042991372,-0.0141999999999999,-0.003596639749086552,-0.0046
196904,-0.013917446214766309,-0.0083,-0.005854415694432177,-0.0003,0.003889265076310844,0.0040999999999999,-0.00045952668860546435,0.0023
196905,-0.00443112654183804,-0.0011,0.011889761068076514,0.0072,-0.011343205678367854,-0.0095,0.012757523940205042,0.0125
196906,-0.05593104900895571,-0.055,-0.010819956756123919,-0.0109,0.033443121157243155,0.0432,-0.011761717886733108,-0.0153
196907,-0.035613017504186446,-0.0339,0.013782954295878808,0.0118,0.008553977203475421,0.0144999999999999,0.017902616886260686,0.0192999999999999
196908,0.009209966341223237,0.0066,-0.03972824649194466,-0.0377,0.009427008282838406,0.0116999999999999,-0.040004406634086734,-0.0404
196909,0.00964400595311619,0.0124,-0.029971989399574305,-0.0319,0.027119515797111138,0.0345,-0.004633417902213777,-0.0077
196910,0.03719330152791407,0.0391,-0.026257008388820058,-0.031,0.006047214633343442,0.0012,-0.0180032011745328,-0.0214
196911,-0.026100358313441256,-0.0245,-0.0017118914491238008,-0.0121,0.009214895961723972,0.0144999999999999,0.0049779101703935555,0.0028
196912,-0.04180991437223523,-0.0377,-0.01737518209635457,-0.0283999999999999,0.019277943679165504,0.0254,-0.010838955935194954,-0.0178
197001,0.03134166345230484,0.0313,0.0335746136453789,0.0312,-0.02111101946053944,-0.0171,0.04505155995048965,0.0385
197002,-0.0257619823125753,-0.0274,0.03752433114223136,0.0393,-0.022733061864627667,-0.0232,0.029748688683900203,0.0274
197003,-0.022234665469835626,-0.024,0.04657796807882849,0.0399,-0.011374730923197632,-0.0101,0.043155419083658476,0.0432
197004,-0.06419286623551164,-0.0637,0.06524454027327652,0.0617,-0.015929397259417027,-0.0069,0.060092097010784745,0.0626
197005,-0.041294269078001204,-0.0445,0.03313922161684414,0.0332,-0.02026325537984995,-0.0125,0.035927416014577475,0.0392
197006,-0.031048753385583813,-0.0220999999999999,0.016078717166415887,0.006,-0.0017243794439279758,0.0013,0.026864439145433253,0.0297
197007,-0.005889778472948443,-0.0062,0.015165749565246578,0.0091,-0.0009614502773215294,-0.0025,0.01844191547371897,0.0181
197008,0.01905396858370529,0.0153,0.0005452407777851512,0.0127,0.004122870009902711,0.0056,0.0029285457487047972,-0.0019
197009,0.08606106814106138,0.085,-0.06990448606515437,-0.0552,0.008645629393822588,0.003,-0.05567470359474222,-0.0584
197010,-0.04717365649645507,-0.0443,-0.007168638728038364,0.0021,0.013052424109581604,0.0171,0.021624421626369947,0.0232
197011,-0.03847060387049399,-0.0385999999999999,0.01288095828201093,0.017,0.01802826080706648,0.0156,0.013406797020937791,0.0148
197012,0.0261592697693242,0.0293,0.015648457242923713,0.0098999999999999,0.0051374221559693095,0.0024,0.0012581131251761385,0.0029
197101,0.07581805380181722,0.0754,0.013280168846931797,0.0148,-0.011007937877733187,-0.0199,-0.0017971139759676014,0.0006
197102,0.02082894440175144,0.0204,-0.02890391478678722,-0.0127,0.004335518420967362,0.0058,-0.009050775456424243,-0.0069
197103,0.018568090613737542,0.0226,-0.04307828377170234,-0.0403,0.016598535586884455,0.0183,-0.02699464715984,-0.027
197104,0.000619708428225535,-0.0034999999999999,-0.003633931457356278,0.0081,-0.008493469470885417,-0.0146,0.013193986738311115,0.0089
197105,-0.01347452490411851,-0.0111,-0.014173126349090973,-0.0141,0.015160049129832112,0.0139,0.006123499729697016,0.0024
197106,-0.019137641144570845,-0.0149,-0.010339514315598881,-0.0194,0.012425736875362518,0.0155,-0.010765454462765773,-0.0165
197107,-0.012905637152728695,-0.0141999999999999,0.0017329873598825873,-0.0001,0.0019525861887240772,0.0056999999999999,0.011440107837125776,0.0149
197108,0.004257532649495306,-0.0015,0.025105921917045526,0.0264,-0.01476825754600708,-0.0045,0.026641118068070763,0.0263
197109,-0.003463525602513588,0.0028,-0.023130535956382103,-0.0291,0.02104208987091385,0.0255,-0.013599083810670055,-0.0159
197110,-0.018143222897143534,-0.0159,-0.0048847217165560244,-0.0048,0.01540138029797826,0.0158,-0.008940734873316362,-0.0138
197111,-0.031350086689617404,-0.0287,-0.016347194715949802,-0.017,0.023047970240441924,0.0241,-0.0020393019472530124,-0.0033
197112,0.03501723095392287,0.0325,0.0018544106819638473,-0.0040999999999999,-0.008521367202474706,-0.0039,-0.018620826623150455,-0.0173
197201,0.0649416079678416,0.0612,0.018619006450258227,0.0227,-0.02000523688390269,-0.0168,0.00549408693925256,0.0052
197202,0.001209734713994562,0.0089,-0.025988911853138105,-0.0277,0.015634827041280178,0.0163,-0.004035328674912325,-0.0053
197203,-0.005822833311822324,-0.0046999999999999,-0.01827351828240192,-0.0163,0.008570242665254562,0.0161,0.0016963855692442645,-0.0015
197204,-0.0001341182832735729,0.002,0.0041406136732709525,0.001,-0.011128498554836344,-0.0045,-0.00973280813430918,-0.01
197205,-0.041572170229225325,-0.0312,-0.015048460039481563,-0.0272,0.01844900363136967,0.0237999999999999,-0.013483211562665291,-0.0192
197206,-0.010256068695489368,-0.0046999999999999,-0.013346739778506284,-0.0249,0.011413632441509503,0.0181,-0.004459419719520189,-0.0034
197207,-0.03257378533634081,-0.0277,0.00546780939743266,0.0066,0.013617095204091337,0.0113999999999999,-0.007626164813669088,-0.0065
197208,-0.024242134693526735,-0.0348,0.04644088031027845,0.0453,-0.014803100308753994,-0.0195,0.026901239946870728,0.0288
197209,-0.022115853904194897,-0.0222,0.004526251219345195,0.0046999999999999,0.02027302131918055,0.0172,-0.019678194100627194,-0.0197
197210,-0.022820561500283984,-0.0254,0.012121338706140778,0.0135,-0.0011874546644376118,-0.0015,-0.001966282806680998,-0.0002
197211,0.00645571791953637,-0.0063,0.04296820116356207,0.0483,-0.02346200144567151,-0.0197999999999999,0.03259579949094077,0.0334
197212,-0.027591996496605705,-0.019,-0.02417932028078685,-0.0219,0.02570921673475621,0.0258,-0.020044769090654432,-0.0215
197301,-0.03019473040163059,-0.0282,0.027064787402353678,0.0268,0.011581466273455486,0.0038,0.01006494605026545,0.009
197302,-0.0413312896935803,-0.039,0.020077154221496224,0.016,-0.005720127730700929,-0.0025,0.00174573483482178,0.0002
197303,-0.020576969269313346,-0.0233,0.02854011479676938,0.0262,-0.00809582194542333,-0.0104,0.004950057662501665,0.0064
197304,-0.02574594417459434,-0.0295,0.055174421051675124,0.0542,-0.014557803917441464,-0.0165,0.02785220729716112,0.0273
197305,-0.06495602724923255,-0.0617999999999999,0.004235425144291774,0.0040999999999999,0.015887451185116586,0.0194,-0.01884199896138622,-0.0151
197306,-0.02181112056245676,-0.0250999999999999,0.01059840962140303,0.0118999999999999,-0.005127026324882666,-0.0027,-0.004011605798970006,0.0021
197307,0.07378445333846012,0.0726,-0.0641508799125527,-0.0526,0.009071287962931981,-0.0005,-0.029257651354157962,-0.0327
197308,-0.012086476343961598,-0.0179,0.007486844470968312,0.0106,-0.01158870374644344,-0.0128,0.012233626131319775,0.0129
197309,0.05244214995166095,0.0356999999999999,0.02097717618816436,0.0224,-0.02585756365462777,-0.023,0.01842745575981973,0.0175
197310,-0.001731165226481366,-0.003,0.002453308726045378,0.016,-0.01784777214090586,-0.0183,0.021726486273330316,0.0268
197311,-0.06840432831012566,-0.0727,0.05109385526197052,0.0399,-0.022857911098762007,-0.0258,0.010659962371970949,0.0169
197312,-0.03506698362276455,-0.0466,0.043885031585220946,0.0394,-0.029951244841789414,-0.0269,0.019734385938670905,0.0241
197401,0.11741262247638752,0.1039,0.04993189646114801,0.06,-0.033808049542853255,-0.0318,0.05228812840373274,0.0448
197402,0.009940324333617016,0.0012,0.0372037733012509,0.025,-0.016277508934007208,-0.0187,0.02598557097856545,0.0262
197403,0.022836246460315148,0.0260999999999999,-0.007344718686831469,-0.0012,0.030920501253252998,0.0279,0.0007294775355651904,0.0045
197404,-0.009728187025321806,-0.0069,0.00579931522483243,0.0087,0.028646318015031938,0.0288,0.02065723489119558,0.0208
197405,-0.04388678469457558,-0.0308,-0.009960782273063455,-0.0207,0.04864030435482019,0.0493,0.0015320990299167378,-0.004
197406,-0.002693818388246283,0.0002,0.008687786806369197,0.0079,0.013679322306301225,0.0062,0.025909025011339588,0.0289999999999999
197407,0.03033048280949864,0.0192,0.0507469368453308,0.0516999999999999,-0.017431496092323424,-0.0326,0.041362768072721656,0.046
197408,0.006384098265855995,0.0026,0.026884646137478388,0.0264,-0.002597194845143466,-0.0028,0.025802406878798284,0.026
197409,0.029697417877247195,0.0148,0.05592290433931546,0.0559,-0.04368788266593848,-0.0443,0.059593161486403284,0.0592
197410,-0.08007765136939335,-0.0682,-0.1019334110223368,-0.0988,0.009107706352259326,-0.0022,-0.034674570889653145,-0.0287
197411,-0.010330976877230176,-0.0148,0.0013441244097980448,-0.002,-0.026578492394658395,-0.0335,0.026801882394021773,0.0294
197412,-0.03957393165731825,-0.0435,0.004265079235945234,0.0011,-0.009708654346734666,-0.0069,0.03366967376519603,0.0326
197501,0.15383024582555438,0.1292,0.07584877720020977,0.0827,-0.02007376496308605,-0.0076,-0.015307244839218359,-0.0092
197502,-0.022192381884677467,-0.0065,-0.05422176411854897,-0.0444,0.012346936277832843,0.0115,-0.02295640779044996,-0.0212
197503,0.04987264108859116,0.0399,0.026173284329072767,0.0239,0.006719678135145915,0.0123,-0.016408601311667464,-0.0131
197504,-0.010622891569977456,-0.0072,-0.01793775283816025,-0.0113,0.025110590188530135,0.0141999999999999,-0.0192920702793504,-0.0135
197505,0.021016857649185768,0.0289,-0.03233814719859875,-0.0409999999999999,-0.014538512393880848,-0.0098999999999999,0.004322639146896151,-0.0060999999999999
197506,0.024207336071730597,0.0141999999999999,0.015630589834756806,0.0139999999999999,-0.027526488512549213,-0.0266,0.010474301134707209,0.011
197507,0.03827181775387758,0.0344,0.014281288396699454,0.0169,0.003740227747489902,0.0046,0.011334636311234991,0.0123
197508,-0.028313482312460062,-0.0283999999999999,-0.008977258476864765,-0.0093999999999999,0.011072643434047208,0.0112,-0.008340616222603903,-0.0093
197509,0.000816609393670252,0.0005,0.004297189232231019,0.0043,0.006752721951767619,0.0053,0.006268153314388146,0.0055
197510,-0.04254203759289275,-0.0421999999999999,0.003728577184933926,0.0027,-0.004551295572589757,-0.0048,0.022362941044537232,0.022
197511,-0.007727066813345236,-0.011,0.01836926398263692,0.0204999999999999,-0.004344520667924644,-0.0068,0.01611066988219225,0.0178
197512,0.005145685541947754,-0.0005,0.010845083652279791,0.0169,-0.003856788107901553,-0.0009,0.007690976721598601,0.0058
197601,0.07034513459214316,0.0632,0.09654519634280198,0.0857,-0.01912511010629961,-0.0179,0.026079574901517022,0.0227
197602,0.08983074847752086,0.0798,0.06564642143246416,0.0582,-0.0262254164938424,-0.026,0.039177905206589966,0.0383
197603,-0.019017038747877316,-0.0139,-0.005949487086742842,-0.0011,-0.0032074972086461595,-0.0033,0.007781478635929651,0.0093999999999999
197604,0.0034283650740975537,0.0008,-0.0004937954887624281,-0.0014,0.004060264675829265,0.004,-0.011130220560743682,-0.0108
197605,-0.008575386068928563,-0.011,-0.012522348532057028,-0.0135,0.024977474220831273,0.0245,-0.014907656629180444,-0.0139999999999999
197606,-0.010801277376140964,-0.0107,0.013255774503013087,0.0069,-0.005501681580355425,-0.0067,0.01254003909996626,0.0101
197607,0.008330723651799796,0.0063,0.016462000201877318,0.0173,-0.012466238516721599,-0.0105,0.003162513861160908,0.0028
197608,-0.020559107701644028,-0.0197999999999999,0.007328687099757538,0.0081,-0.006044913664161031,-0.0040999999999999,-0.003967131324181659,-0.0055
197609,0.0018063435993230237,0.001,-0.0022701374179702923,-0.0029,0.008018757164510282,0.0098,-0.011369527517559368,-0.0115
197610,0.0006033928452969413,0.0013,-0.0016004006287710822,-0.0018,-0.005266063204341111,-0.0019,-0.002248744831770594,-0.0037
197611,0.03219482894686258,0.0266,0.011815511776596063,0.0151,-0.01462871790660978,-0.0141,0.0021555762004251897,0.0009
197612,0.04231676698506458,0.0364,0.024940699737497046,0.0227,-0.004186962422982526,-0.0062,0.02344867751388023,0.0227999999999999
197701,0.06477514115199894,0.059,0.047056881860471494,0.0426999999999999,-0.004268000155972396,-0.0051,0.02024854586308203,0.0197
197702,0.007831387906722945,0.0107,0.006888605966240108,0.0046999999999999,0.0020768936909680777,-0.0016,-0.0037606060983640926,-0.0022
197703,0.017957024148905043,0.0131,0.009049158051266184,0.0109,-0.004137197702807277,-0.003,-0.0009176619106531754,-0.0006
197704,0.014257351392433252,0.0060999999999999,0.03387066644763236,0.0338,-0.017872730109000326,-0.0202,0.009079466631211654,0.0113999999999999
197705,0.015129757278194303,0.0131,0.007404184863555986,0.0085,0.0028857913430612395,0.0033,0.003117376285932818,0.0019
197706,0.014792497567799878,0.0208,-0.011465217045540543,-0.0074,0.007709145785447499,0.0091,-0.010987193924743024,-0.012
197707,0.015697830606165933,0.0187999999999999,-0.006393571940566374,-0.0056999999999999,0.006809939445116568,0.0074,0.0007947919277209161,0.0009
197708,0.0078258490175582,0.0086,-0.026007152374228126,-0.0273,0.007076159850497676,0.0098999999999999,-0.005330904922107475,-0.0069
197709,0.013047966932689814,0.0143,-0.005822626669350939,-0.0046,0.014638083267469647,0.0144999999999999,-0.0051145503573345585,-0.0084
197710,0.015075450822735384,0.0148,0.018021711840910094,0.0181,0.0017109120219890583,-0.0019,-0.0039632515967244,-0.0029
197711,0.03855786998401294,0.0364,0.004665142912301093,0.0023,-0.001717845448719696,-0.0013,0.005293233553485238,0.0070999999999999
197712,0.01312055669483551,0.0159,-0.001809859366901664,-0.003,0.00960578604350222,0.0091,-0.0046195356148384815,-0.0069
197801,0.030264799801218604,0.0272,0.03266636572152576,0.0336,-0.01471982447891565,-0.017,0.017728539622487383,0.0152
197802,0.03575597121411083,0.037,0.00885306471871157,0.0083,0.003935331100863458,0.0033,0.01044760417627797,0.0104
197803,0.03492211079518577,0.0371,0.015813916147368975,0.0116,-0.0070114507306923285,-0.0059,0.018486008189344982,0.0187999999999999
197804,-0.011496508282318574,-0.0027,-0.026305487971746963,-0.0356999999999999,0.01994853419409183,0.0283,-0.011721280961885475,-0.0129
197805,0.04300716209598793,0.0458,-0.004735222899866429,-0.0053,0.0006360475321384035,0.0024,0.0047231334285850815,0.0037
197806,0.016314852337545545,0.0156,0.006590550594040149,0.0056999999999999,-0.006940354032292981,-0.0141,-0.0011655670680149211,-0.0003
197807,0.0024349001550072608,0.0013,-0.010009066767117221,-0.0111,0.014221333388108368,0.0155,-0.008131194321010837,-0.0079
197808,0.046916314159215496,0.0495,-0.006076386595586521,-0.0056999999999999,0.012958269774309798,0.0141,0.003014865190247143,0.0044
197809,-0.0004997610767634849,-0.0031,0.019763033956466978,0.0186,-0.007001736236105083,-0.0065,0.019244572814231746,0.018
197810,-0.09907722715261862,-0.1007,0.006265284134999244,0.0139,-0.0016224476068087412,0.0018,0.013584743113653402,0.0098999999999999
197811,0.03525347577940065,0.0285,-0.02059611863366899,-0.0214,0.010017989278873853,0.0111,-0.012804130858900954,-0.0118999999999999
197812,0.007480083196140075,0.0112,-0.02583442813695009,-0.0213,0.020072138710922054,0.0195,-0.013948553120280493,-0.0138
197901,0.0419183412612765,0.0379,0.027445243416782963,0.022,-0.02569576800745174,-0.0249,0.013994442375277402,0.0151
197902,0.005290320473548923,0.0054,0.008419898998776685,0.0113999999999999,-0.010227320596253638,-0.0111,0.00878374403086378,0.0096
197903,0.031424322450894666,0.032,0.002870584555849723,-0.0073,0.006798027156519323,0.0051,0.00032491950062019104,0.0028
197904,0.021104061474495065,0.024,0.008808471854349995,0.0108,0.013438706116574894,0.0111,0.000540712299336877,0.0021
197905,-0.00045926199295885477,0.0017,0.010250409294697551,0.0132,-0.010998715047594466,-0.0155,-0.0005091804490071766,-0.0027
197906,0.008194644981655959,0.0098999999999999,0.009245176168278774,0.0139,-0.01645413915494684,-0.0159,-0.005602176226589081,-0.0046999999999999
197907,0.014654130341715012,0.0127,0.02071195096929443,0.0186,-0.003870989778283738,-0.0028,0.004815370891142763,0.0070999999999999
197908,0.01976869799148969,0.0192,-0.014681073293183244,-0.0158,0.014029174450586712,0.016,-0.015408990083311563,-0.0147
197909,-0.0020918652782152235,-0.0033,-0.00834613217821134,-0.009,0.008628307069219882,0.01,0.0060597492466324485,0.0032
197910,-0.03716184301643072,-0.0351,-0.020695253503291558,-0.0186,0.010019075672149588,0.01,0.0025171651716026505,0.001
197911,0.02579721550374342,0.0253,-0.031207962495118896,-0.0327999999999999,0.00020799851990632723,0.0002,-0.016417950559798472,-0.0212
197912,0.04086209599557515,0.0432,-0.017741068718089587,-0.021,0.004258102853651399,-0.0072,-0.011938622410448518,-0.009
198001,0.023053834857964528,0.0182,0.01845080986768277,0.0175,-0.01321327476835675,-0.0169,0.01612288607816939,0.0171
198002,-0.011946220623390505,-0.0158,0.002004327880122274,0.0060999999999999,-0.0032422054112404017,0.0007,0.02824150861116599,0.027
198003,-0.07442175501609206,-0.0692,-0.005071568439935725,-0.0101,0.004302201539405359,0.0144999999999999,-0.011738281262317879,-0.0116
198004,0.009985267488807438,0.0105,0.011360095563274768,0.0108,-0.027070694574313547,-0.0206,0.007817105269568803,0.0027
198005,0.021990857944282786,0.021,0.002906231505800147,0.0038,0.003958466079257678,0.0032,-0.0054086715298724,-0.0032
198006,0.011623572804579384,0.0141999999999999,-0.004467541594317247,-0.0076,0.002275396988099407,-0.0016,-0.005204134419782347,-0.0128
198007,0.035929155398190665,0.0382,-0.06004530671800107,-0.0641,0.036771125446787026,0.0405,-0.02312252007102697,-0.0237999999999999
198008,0.039655394113233614,0.0426,-0.026213165999283868,-0.0260999999999999,0.021631451229841534,0.0207,-0.00858865636310261,-0.0087
198009,0.005785515474337418,0.0066,-0.04855541979865558,-0.0458,0.023909004015832267,0.019,-0.02964439422275307,-0.0277
198010,0.015653865658496836,0.0236,-0.036510604581857814,-0.0279,0.025802238960940135,0.0169,-0.012358126047098551,-0.0118
198011,-0.038797182155027546,-0.0331,-0.08874151148702301,-0.0833,0.0545427827549934,0.0451,-0.05518149434302404,-0.0571
198012,-0.005676956373143454,-0.0029,0.033567683018980825,0.0279,-0.02708988956393024,-0.0129,0.017220038844913698,0.0123
198101,0.034976690540630545,0.0329,0.06490454674594374,0.0672,-0.03736603914793631,-0.0353,0.04360873354312328,0.0435
198102,-0.006254925867717023,-0.0051,0.011147482792539163,0.0102,-0.0005821484594146463,0.0021,0.022517758345089085,0.0227
198103,0.03403244597517251,0.0302999999999999,0.002946544609740351,0.0064,-0.029019687816596647,-0.0226,0.0019028861661623264,-0.0052
198104,0.043056430010661985,0.0458999999999999,0.03000501766021476,0.0227999999999999,-0.0029118890753460514,0.0083,0.017424177566744158,0.0121999999999999
198105,0.02019677600754562,0.0245,0.00862918719358825,-0.0042,-0.008799457260302096,0.003,-0.010676696167301651,-0.0154
198106,-0.010673056203393712,-0.0095,0.03851200473929932,0.0513,-0.005927053395058353,-0.0137,0.016215329719070803,0.0269
198107,-0.025862907887843192,-0.0204999999999999,-0.006410545371769612,-0.0049,0.015972064513891084,0.0126,-0.0304371868672439,-0.0255
198108,-0.017665860706490233,-0.0181,0.03204083880540424,0.0479,0.0008722665387076167,-0.0031,0.012780997129273386,0.0141
198109,-0.027664795701991166,-0.0243999999999999,0.04146761273503797,0.0516999999999999,-0.005281272813613888,0.0012,0.023897503777167872,0.0260999999999999
198110,0.02397707647670959,0.0236,-0.049622778888758205,-0.0421,0.02905456686830027,0.0314,-0.028638859413443837,-0.0301
198111,-0.015120820406033568,-0.0151,0.013497379773284794,0.0185,-0.000655373658754288,0.0007,0.0070158794527693455,0.0096
198112,0.00982974573557372,0.012,0.0011216469862003926,0.0081999999999999,0.0030088276793684837,0.0022,0.020528547070812746,0.025
198201,-0.011412692426643199,-0.0113,0.029191212581326207,0.0319,-0.01533004598070807,-0.0149,0.020063520690047097,0.0192
198202,0.00431394628187564,0.0034999999999999,0.05509999583330978,0.0605,-0.036639794799268474,-0.0343,0.048511902045209054,0.0455999999999999
198203,0.001127486020123033,-0.0004,0.04536849589683156,0.0383,-0.007211181651462895,-0.0139,0.02615382418429713,0.0249
198204,0.0109480612300384,0.0109,-0.02757156983625087,-0.027,0.013838569207209328,0.0156,0.00197637872772434,-0.0002
198205,0.0023424961038139708,0.0064,0.013140087008586647,0.0176,0.0118575208104396,0.0088,-0.003491268744944369,-0.0031
198206,-0.00899868413181644,-0.0052,0.022427412023487685,0.0155,-0.0022737881643454527,0.0001,0.02929998699695089,0.027
198207,0.007852829528449078,0.0095,0.004321934312616023,0.0009,0.006808361723620197,0.0104,0.01870761721349707,0.0154
198208,-0.03964390728750879,-0.0433,0.0062310416900644705,0.0093,-0.014575834747008062,-0.0189,2.2807215694559124e-05,0.0011
198209,0.021614704228432514,0.0262,0.011751961969037373,0.0027,0.018180856224358465,0.0214,0.004805759312153147,-0.0004
198210,0.021903316165402767,0.0194,-0.021829333124922856,-0.0366999999999999,-0.0017537992780269351,0.0029,-0.011521922403245954,-0.0034
198211,0.04168091493477827,0.0441999999999999,-0.004845837260589597,-0.0185,-0.014122324672891186,-0.0097,0.00838938357505787,0.0029
198212,-0.006192315663170312,-0.0007,0.003290841477717483,0.0001,0.00903876420329583,-0.0001,0.009433950622002548,0.0105
198301,0.033264821650881536,0.0333,-0.01487446983671118,-0.0070999999999999,-0.024372599333772303,-0.0155,-0.004702923868417537,-0.0055
198302,0.022126157217975385,0.0293,0.016165258556817212,0.0069999999999999,-0.012240134444341987,-0.0052,0.014238891343516608,0.0105
198303,0.011574070084637192,0.0138,0.023984873672769493,0.0200999999999999,0.0019461036780362845,-0.0017,0.026314644968789304,0.0274
198304,0.001578908834239598,0.0046999999999999,0.00998627395406737,0.0051,0.003269995742146245,-0.0011,0.011230002248618767,0.0147
198305,0.06735216954031004,0.0633,-0.021951918689805953,-0.0141999999999999,-0.019380377212433714,-0.0184,-0.021789617447766522,-0.0154
198306,0.007320697040428342,0.0118999999999999,-0.035962135630686246,-0.0391,0.02490133432548704,0.026,-0.008220908442738054,-0.0087
198307,0.010452429067829155,0.0101,0.05254958551198149,0.0562,0.003479523028400492,-0.0011,0.027287432956277734,0.0281
198308,-0.04238767369482905,-0.0432,0.04975517905400307,0.0554,0.014296695042150375,0.0053,0.021554592857085185,0.019
198309,0.001077389687655004,0.0031,0.008754385949622355,0.0101,0.0056056656291884575,0.0125,0.008795978303606806,0.005
198310,-0.03924865892771317,-0.0378,0.04591079462231055,0.0496999999999999,0.0003187441574273586,-0.008,0.029711533633363804,0.0297
198311,0.019851163660400767,0.0189,-0.00726074765624303,-0.0073,-0.008256039862341046,-0.0075,0.005281216071303989,0.0066
198312,-0.010529503908992356,-0.0045,0.017705706728929627,0.017,0.018381711152615547,0.016,0.014946288436728933,0.0127
198401,-0.0028782713345079595,-0.0003,0.07099849448005563,0.0757,0.0016825966173518638,-0.0081999999999999,0.030084896262280985,0.0292
198402,-0.015129091442705606,-0.016,0.03360918048622444,0.0334,0.015090679883316131,0.0091,0.016405781101284066,0.0158
198403,-0.0048939362941338585,-0.0029,0.00830472526143646,0.0046999999999999,-0.007808371728837908,-0.0085,0.014872865976997916,0.0116999999999999
198404,-0.014206140241260719,-0.0096,-0.000736235983095533,0.0118999999999999,0.0425111077783968,0.0338,0.007570613491866014,0.0076
198405,-0.0004087507503706053,0.0014,0.008015662635857283,0.0029,0.023032253385241938,0.022,-0.006702180701286704,-0.0046
198406,-0.0008761200045724338,0.001,-0.02620886480869166,-0.0266,0.028099919904997064,0.0313,-0.013790557246509325,-0.0156
198407,-0.023615465996396696,-0.0222,0.01070725492883634,0.0033,0.03584822528747439,0.0355,-0.02071705276021669,-0.0215
198408,0.003466672295982867,-0.0026,-0.019238342186297275,-0.018,-0.013714733367548776,-0.0068,-0.007902359165720074,-0.0092
198409,-0.004605778691673702,-0.0003,0.05405120841385909,0.0523,0.01595037718579999,0.0137,0.02249577793968797,0.0241
198410,-0.015185522922269474,-0.0144,0.008796297203222402,0.0046999999999999,0.01015617499966429,0.0118,-0.0114150779468347,-0.0109
198411,-0.012621939137443344,-0.0101,0.039582111629358145,0.0404,0.013321415123899068,0.0072,0.02102525253852488,0.0206
198412,-0.004752929193608747,-0.0065,-0.005528653242350658,-0.0025,0.011600138214036618,0.0131,-0.014289499904811409,-0.0136
198501,0.04029070542504548,0.035,-0.04980995697992523,-0.0533,-0.018261611385868792,-0.0089,-0.03391681002485007,-0.0341
198502,0.007413764736333196,0.0104,-0.003939721545057947,-0.001,0.01559420742397831,0.0129,0.01037313792668008,0.0106
198503,-0.01748057207268151,-0.0139,0.03767236452096314,0.0407,0.0138816750658113,0.0123,0.027432170601610253,0.0288
198504,-0.005136781106548437,-0.001,0.042049803122694344,0.0372,0.019830412698719796,0.0155,0.00817503056174844,0.0070999999999999
198505,-0.026085901251081945,-0.0231,-0.005930338943242193,-0.0093999999999999,0.016097944761224517,0.0133,-0.011613123753503048,-0.0149
198506,-0.0030049719956374704,0.0034999999999999,0.010241060941218579,0.0040999999999999,0.016117210190422837,0.0176,-0.008346528070496339,-0.0077
198507,0.03055933951408355,0.0287,-0.011067685125769462,-0.016,-0.009093775483506702,-0.0044,0.0027905392097524635,-0.0038
198508,-0.003712402001861881,-0.0029,0.017564338005956154,0.0227999999999999,0.002547325362271813,-0.0007,0.018458067144006888,0.0184
198509,-0.0204136951561106,-0.018,0.01144788834405952,0.0129,0.013042940627858074,0.0109,0.0197019434570228,0.0162
198510,-0.013045880060918828,-0.0149,0.010336313478753308,0.0075,0.010492952214831666,0.0091,-0.011118458061275878,-0.0108
198511,-0.0019164499250696465,0.0002,-0.02045496430751905,-0.0283999999999999,0.0037932817063490443,0.0032,-0.02234811650697769,-0.0229
198512,-0.004756529569509831,-0.004,-0.012957466100702072,-0.0154,0.005825186893316209,0.0101,-0.014637569563524796,-0.0182
198601,0.010989250431430647,0.01,0.009428909415135335,0.0044,-0.021810202297829283,-0.02,-0.021973640082588314,-0.02
198602,-0.009107597942355508,-0.0070999999999999,-0.00322436560568419,-0.0077,0.00904507161217101,0.0109,-0.020776808224749525,-0.0124
198603,-0.007021403204747562,-0.0065,-0.007144560927365845,-0.0037,0.011907961986992989,0.0118,0.0029766247929931336,0.009
198604,0.021935340602889278,0.0286,-0.023514873199597563,-0.0286,0.029130337062744927,0.0289,0.0020821595354687155,-0.0006
198605,-0.015737512061123657,-0.0129,-0.0016103682000228603,-0.0021,0.018754525552141195,0.0215,0.004865874933962393,0.0108
198606,-0.011749779201847773,-0.0088,0.008730792707476329,0.013,0.017646751049710415,0.0183,0.008081782972562838,0.0081999999999999
198607,-0.03406242179247504,-0.0345,0.037279984901356145,0.047,0.008326153427618554,-0.0045,0.008478537787331139,0.0084
198608,-0.0385436217647678,-0.0435,0.03309280677803802,0.0351,-0.009654280324482033,-0.0163,0.033788415607778954,0.0319
198609,0.022101096675108477,0.0204999999999999,0.03451035998080099,0.0322,-0.00047916757302673973,-0.001,0.03648963660785441,0.0372
198610,-0.022397867285066,-0.0233,-0.014253937460867394,-0.0141999999999999,-0.0016428007031615427,-0.0005,0.008189665816931528,0.01
198611,-0.02019790606956982,-0.0189,-0.004231834253243466,-0.0007,0.011749535003638052,0.0103,0.009237476541393475,0.0066
198612,0.0012786396908887436,0.0012,0.0021398644516150422,0.0036,0.00979870165226026,0.0081,0.001634290593871067,0.0009
198701,-0.018554140755020196,-0.0154,-0.026169030283890227,-0.0316,-0.009140008865750837,0.0016,-0.007104879832769612,-0.0098
198702,0.02721275113141796,0.034,-0.05316584989500022,-0.0591,-0.017313617409914377,-0.0084,-0.02357427923012291,-0.0263
198703,0.0027761545587806115,0.0027,0.011390675956863973,0.0161,0.013814171235969962,0.0135,0.040449991939535315,0.0412
198704,-0.014158420988999883,-0.0154,0.006337279448732112,-0.0039,-0.011055091940249742,-0.005,0.010355787190981893,0.0103
198705,-0.00839679563676503,-0.0056,-0.00016962963832114347,0.0023,0.00795452616255336,0.0051,0.014254617486447959,0.0115
198706,-0.02343134411253259,-0.0220999999999999,0.003159278776693919,0.0104,0.01944855775018229,0.0169,0.004258838664441288,0.0084
198707,-0.011655536460482285,-0.0112,0.011576630380828783,0.0073,-0.014102506538498816,-0.0060999999999999,0.015319088119457543,0.0163999999999999
198708,-0.009898462993514462,-0.0095,-0.01311211349321912,-0.0095,0.019842171801218896,0.0204,-0.0165078542715131,-0.0161
198709,0.0052620766888707565,0.004,0.005078005781728567,0.003,-0.006458309190492508,-0.0097,0.018709099044550086,0.019
198710,-0.07337631875629613,-0.0805,0.02291636785779394,0.0423,0.03193504291406099,0.0206,0.023838905767590235,0.0226
198711,0.027924245666137493,0.0287,0.027040994201889004,0.0296,-0.014920764408144216,-0.0187999999999999,0.007364989661795704,0.0068
198712,-0.005791709181798582,0.0006,-0.038874707282727704,-0.0438999999999999,0.023904917077856233,0.0295,-0.024163932917054147,-0.0246
198801,0.004701885146414057,-0.0053,0.04960021525147063,0.0495,-0.012202906521306997,-0.0113,0.022353262685786524,0.022
198802,0.027723732290319006,0.0331,-0.010876141658292551,-0.0169,0.011800673309487489,0.0155,-0.001128584299361357,0.0
198803,0.060844125317475364,0.0624,0.01627366113868122,0.0074,-0.0027392148138043228,-0.0026,0.018763520898086798,0.0182
198804,0.005590368718970366,0.0115,0.010068867413344115,0.0163,0.004526000344537938,-0.002,0.019723010106614654,0.0194
198805,-0.026728540683662975,-0.0256999999999999,0.02540345440361564,0.0242,-0.0012956696465856784,-0.0074,0.007267767135066373,0.0033
198806,0.007144643969853114,0.0214,-0.01153720661152615,-0.0121999999999999,0.006544649191028026,0.0146,-0.03391804394036703,-0.0344
198807,-0.0017698236626282815,-0.0021,0.024277101267111648,0.0217,-0.005314222122020551,-0.0058,0.01437662594506731,0.0149
198808,0.0018319121023498072,-0.0003,0.02291117180686314,0.021,-0.0069572659410213344,-0.0081,0.017630888781363756,0.0176
198809,-0.016468160120314775,-0.0135,-0.008370883223798545,-0.0075,0.012288896386844404,0.0175,-0.00537440653304095,-0.006
198810,-0.02913961493137813,-0.0295,0.015710313426927396,0.0169,0.016344326342255775,0.0129,0.00846014349428535,0.0103
198811,-0.013930614419664724,-0.0165,0.011520914774165135,0.013,-0.0020526007016906447,-0.0028,0.015177610652396725,0.0163
198812,0.014048896446366758,0.0202,-0.015689441676609305,-0.0161,0.0054036915759679074,0.0069,-0.004455814203155165,-0.0038
198901,-0.023989592816236402,-0.0231,0.0076609962676605844,0.0062,-0.009636438329299502,-0.0095,0.0014766112407860882,0.0014
198902,0.02729741255216947,0.0271,0.009087191115879842,0.0093,-0.005635550057846831,-0.0087,0.015195280604505298,0.0181
198903,0.0051147384060625,0.0068,0.004293875227691878,0.0054,-0.0015706202535711936,0.0005,0.007267416185431159,0.0073
198904,-0.013220864924496638,-0.0078,-0.016180179950718403,-0.0139999999999999,0.013223142217382633,0.0070999999999999,-0.002955564367067072,-0.0056999999999999
198905,-0.007471453660420312,0.0,-0.009867138739126174,-0.0087,0.006765610534013297,0.0049,-0.002414977177597019,-0.0008
198906,-0.00846988986371016,-0.0109,0.01748554737455115,0.0223,0.005266093249548423,0.0027,0.015704237013099427,0.0155
198907,-0.04497059054500045,-0.0417,-0.022479901944489053,-0.0279,0.013761821654048274,0.0195,-0.005476676305640693,-0.0056
198908,0.006346321524738567,0.0048,0.008385467145175234,0.006,0.0011787562553137176,0.0039,-0.005744239499363223,-0.0056999999999999
198909,0.003967085651693048,0.0049,-0.013905285729830833,-0.0127,0.010933799817147233,0.0139999999999999,0.00697683279078615,0.0051
198910,-0.03232021186680191,-0.0332,-0.015186081198062994,-0.0111,0.001318759712881333,0.001,0.0025440924016485733,-0.0003
198911,-0.014713226768316396,-0.0129,-0.022159220453854364,-0.0109,-0.005438898611119729,-0.0086,0.014324827100661713,0.0137
198912,-0.02691897969703976,-0.0227999999999999,-0.014790971500942697,0.0016,0.012524695093676045,-0.0007,0.012070057275008442,0.0144999999999999
199001,-0.011030669602779375,-0.0132,0.008313060278201834,0.0085,-0.019463942388396382,-0.0118,0.01683580588661053,0.0137
199002,0.009637861644936869,0.0115,0.005097084507408273,0.0064,0.0017024454176220935,-0.0007,-0.009006496118779149,-0.0060999999999999
199003,0.009027752082563161,0.0158,-0.02483586761094369,-0.0292,0.016857125484780543,0.0202,-0.00745450727617477,-0.0095
199004,-0.005300625104576233,-0.0032,-0.029532460219436975,-0.0259,0.01562769942061084,0.0181,-0.00404784898491033,-0.01
199005,-0.03669525091641535,-0.0237,-0.03658234764484518,-0.0383,0.010002757309598861,0.0154,-0.017245939918715522,-0.0158
199006,0.011044947164131073,0.0131,-0.018207402335870457,-0.0192999999999999,-0.008732918535694804,-0.011,-0.0024345890946644976,-0.0036
199007,-0.03227402511910705,-0.0314,-0.01341343793003194,-0.0004,0.010970421662804646,-0.0011,0.03372338428934213,0.0323
199008,-0.035243213674059165,-0.0385999999999999,0.013569949262565606,0.016,0.005420709124630996,-0.0034999999999999,0.03247935547142913,0.0299
199009,-0.04316241889506868,-0.0374,-0.017973921535754903,0.0060999999999999,0.02175548896787087,0.0006,0.0358417014414958,0.0361
199010,-0.05293459573596286,-0.0507,-0.02462059858579833,0.0,0.034009067553761596,0.0313,-0.002449763849717679,-0.0032
199011,-0.0016133559540594117,0.0004,-0.006747561240058819,-0.0297,-0.013913013548968067,0.005,-0.04523392216783339,-0.0469
199012,-0.0026604226741405064,0.0064,-0.01087297668040571,-0.0163,0.0266233581433643,0.0264,-0.017637745579780845,-0.0181
199101,0.03459344359299898,0.0389,0.009331621473647564,-0.0157,-0.0043776129842485745,0.0126,-0.037530973594861836,-0.0385
199102,0.05201997976263174,0.0401,0.017053732720141046,-0.0063,-0.0256369597105318,-0.0004,-0.009275593989038988,-0.0043
199103,0.03955117826953178,0.0382,0.0006316427667238667,-0.013,-0.00478427332552718,-0.005,-0.011736398085448074,-0.0111
199104,0.004278828043148208,0.0032,0.012007531140872496,0.0144999999999999,0.01366078533431033,0.0064,0.00884875596777046,0.008
199105,-0.01283044245877786,0.0012,0.0051726390944025966,-0.0049,0.006861513204743368,0.0204999999999999,-0.01531831885475854,-0.0235
199106,0.007542794467234694,0.0026,0.005952467879912729,0.0107,0.017978004343895446,0.0177,0.008998511932975295,0.0064
199107,-0.010386996417271269,-0.0095,-0.010379746009244475,-0.0132,0.009649492896880066,0.0161,-0.012569703182777892,-0.0138
199108,0.009838297108076294,0.0141,-0.006606533596561784,-0.0078,0.008843930589239594,0.0085,-0.0043927823053138,-0.0034
199109,0.01824051677403491,0.0156,-0.010705427706090696,-0.0107,-0.009872144623042315,-0.018,0.003810596584691761,0.0008
199110,0.004018500582450499,0.009,1.7125483475318587e-05,-0.0046,-0.011948842518041892,-0.0173,0.003282243036697656,-0.0023
199111,-0.005913935149399571,-0.0084,-0.02494774895051388,-0.0187999999999999,0.002087694095130037,0.0106,-0.00412015093720141,0.0001
199112,-0.039776196876737294,-0.024,-0.028148766520489393,-0.0418,0.021080695012731784,0.0356,-0.027192222501777788,-0.0312
199201,0.10508145660011682,0.0919,0.05674941962899881,0.047,-0.01298724826442732,-0.0129,0.03505917212755936,0.032
199202,0.018768445416267324,0.0134,0.06849296576430902,0.0647,-0.0012349369153982909,0.001,0.026020483325504575,0.0219
199203,-0.0048277923612198535,-0.0093,0.03180728944609248,0.0355,-0.001186602700773913,-0.0001,0.016509241083409336,0.0195
199204,-0.05594779443510725,-0.057,0.03248574371550694,0.0432,0.02713592865988833,0.0169,0.02533939028862384,0.0223
199205,0.0014308075248279763,0.0021,0.0038894426908411567,0.0118999999999999,-0.010943436943073696,-0.0096,0.004274701888441514,0.0048
199206,-0.025736975235443174,-0.0274,0.029398251182934678,0.0325,3.4384964416198094e-05,-0.0009,0.006761066881229509,0.0101
199207,-0.009174840441578062,-0.0066,-0.013147893348313119,-0.0055,0.012034896781843413,0.0124,-0.005685339365919365,-0.0089
199208,-0.007564482263314593,-0.0044,-0.020363133751667734,-0.0108,0.042725572745954,0.0368,-0.015864314277476844,-0.016
199209,0.0032480483299213367,0.0044,-0.0024315645741201652,-0.0023,0.011712232453768054,0.0158,-0.0061140312489473166,-0.0063
199210,0.021668337889830098,0.0209,-0.01491654787104688,-0.0197999999999999,0.008722133163202677,0.0126,-0.011212401576035376,-0.0084
199211,0.041385425034184596,0.0398,-0.008524766764067396,-0.0141999999999999,-0.017846367380600484,-0.0062,-0.017447300597245877,-0.0165
199212,0.02108244858940985,0.0167,0.02610415166520875,0.0265,-0.006094677933233046,-0.0046,0.011488502520040633,0.0083
199301,0.02930760824532944,0.0189,0.06033292743894297,0.0595,-0.02513979176287199,-0.0185,0.033964758428372654,0.0294
199302,-0.02798051547678379,-0.0347,0.055993459274710874,0.0644,0.002925584340359364,-0.0048,0.04703897498066201,0.0421
199303,0.001985753275221082,0.0008,0.01583611251092893,0.0118999999999999,-0.010232059111476014,-0.0017,0.008527439960956222,0.009
199304,-0.002692513276484402,-0.0086,0.026503235041687286,0.0248,-0.03432376251863185,-0.036,0.013276959584121735,0.0144
199305,0.017761977398541556,0.0192999999999999,-0.03040342435584314,-0.035,-0.00663508365027958,-0.0008,-0.008107872314208682,-0.0105
199306,0.004436324155410898,0.0016,0.024824576349219533,0.0272,-0.012229734602026544,-0.0091,0.010972982359268833,0.012
199307,0.01557225148743341,0.0092,0.02354848445380878,0.0282,-0.01626757829701682,-0.0185,0.02275046795297353,0.0204999999999999
199308,0.002747856368525578,0.0011,0.001615479675242927,0.0014,-0.013301713577660655,-0.0154,0.00021328282674772103,-0.0003
199309,0.03085247298471238,0.0294,0.0037534839277802833,-0.0034999999999999,-0.002868097202672065,0.0025,0.00014488316260892822,-0.0016
199310,0.01351112992682042,0.0189,-0.030257494133446694,-0.0278,0.0033407615258221127,0.0058,0.002923888027324288,0.006
199311,-0.017269312326140016,-0.0118,-0.005248489335117236,-0.0066,0.015925788303813318,0.0219,-0.010651560640648953,-0.0093999999999999
199312,0.01170711417177064,0.0138,0.003917813719662679,0.0027,0.011295487085933706,0.0116999999999999,-0.004234215072237233,-0.0034
199401,-0.0002780016125039676,0.0008,0.017476575596060584,0.0128,-0.022038427194183953,-0.0175,0.01312959935275064,0.0143
199402,0.021994839279574,0.0266999999999999,-0.013020979544000989,-0.0156,0.01889021358930234,0.0215,-0.006660346199664486,-0.01
199403,-0.0082677894704399,-0.0109,0.01727695651932895,0.0155,0.0070094098380857894,0.0070999999999999,0.009086790881130104,0.0128
199404,-0.01502411420770224,-0.01,0.01756633085297707,0.0166,0.01590878379178228,0.0106,0.016428636415039888,0.0111
199405,-0.02011814206984342,-0.0253,0.008351521026852047,0.0069999999999999,0.004281612187554751,0.006,0.004965177591415596,0.0068
199406,-0.0008335530296159112,-0.0048,0.01311349970032124,0.0167,0.011449093359443899,0.0121,0.013799755654763372,0.0147
199407,-0.015607203826951237,-0.0179,-0.0023698063771805805,0.0056999999999999,-0.0034485029157816476,-0.006,0.0008434026493437038,0.0011
199408,0.013016912068118211,0.0138,-0.026883425950131268,-0.025,-0.001962774344046299,0.0096,-0.01759822109664389,-0.0147
199409,0.02371300023453669,0.0276,-0.012606908678921487,-0.0184,-0.0005951035125031003,0.0053,0.01048061235339382,0.009
199410,-0.024119960116570197,-0.0231,-0.015308151419013784,-0.0163,0.0019316203827014038,0.0024,-0.00712968584163933,-0.0069
199411,-0.0024357909635322056,0.0013,-0.008214341346836164,-0.0073,0.007072686214116546,0.004,-0.004705988165213268,-0.0039
199412,-0.006173777443137443,-0.0004,0.00876486479625916,-0.0009,0.00838685711217181,0.0039,0.006483769339169785,0.003
199501,-0.02249429168891904,-0.0302,0.015664240655111655,0.0250999999999999,0.003250551454894439,0.002,-0.006144471538402316,-0.0076
199502,-0.004898064704123815,-0.0054,0.013569326322591946,0.0109,0.0014780880715883488,0.0056,-0.0026316514693840165,-0.0028
199503,-0.007740431480193037,-0.0053,-0.011709129226130875,-0.0208,-0.00814615493455476,-0.0013,0.004823444408973469,0.0024
199504,-0.0005025747918005544,-0.0022,0.014613585044424754,0.017,0.0062290216646272885,0.004,0.009084337592694135,0.0089
199505,-0.021149847042433917,-0.0218,0.020365393708472467,0.0227,0.0048939397815718905,0.0036,-0.0014777612220326294,0.001
199506,0.01886540812849272,0.0302999999999999,-0.017213275202877742,-0.0254,-0.01300567070844292,-0.0034999999999999,-0.020403409463854015,-0.0248
199507,0.02242537738987132,0.0208,-0.009349258076603091,-0.0159,-0.005612095229241686,0.0028,-0.018929055187864287,-0.0163999999999999
199508,0.020587045009539215,0.0176,0.031099736116574184,0.0281,-0.01811951396296334,-0.0121999999999999,0.013358990307047012,0.0161
199509,-0.022160443021603853,-0.019,-0.0027783010086340626,-0.0005,0.0017835546471705495,0.0102,0.007646376590096843,0.0038
199510,-0.04792599489840786,-0.0407,-0.01179099214197734,-0.0051,0.019221438361239976,0.0186,0.0032800745893969904,-0.0004
199511,-0.013996485624625798,-0.0107,0.01589495126390062,0.0058,-0.008965126376607978,-0.0056,0.009539723263962414,0.0113
199512,0.003346481007220837,0.0073,-0.0007966703794786492,0.0018,-0.0072356227767513305,-0.0138,0.02958162255581491,0.0308
199601,-0.022657400152695586,-0.0256,0.0035477214696143806,0.004,0.007800103516637616,0.0019,0.023707988832115313,0.0231
199602,0.01593942050276752,0.0176,-0.006264713304216747,-0.0107,-0.008912263405615174,0.0024,-0.017655950759027546,-0.0189
199603,0.013050966380005184,0.0163999999999999,0.010607085740020358,0.0036,0.009295784900080739,0.0148,-0.0045655218902952086,-0.0096
199604,0.0365656436631005,0.047,-0.035421046976989334,-0.0405,-0.0041726957002208576,-0.0016,-0.027145423417678498,-0.0210999999999999
199605,0.022346946962257006,0.0322,-0.0043110750544461535,-0.0089,0.0009568948191479229,0.0016,-0.004200932969424448,-0.003
199606,-0.03378131667373654,-0.0364,0.01595841057188787,0.0237999999999999,0.02675862322659367,0.0348,0.0187560427521254,0.012
199607,-0.041681345556017685,-0.038,0.05384009063728501,0.0513999999999999,0.03786162088354052,0.0297,0.027437738770085,0.0256
199608,0.029499096033781657,0.0258,-0.010181214042252834,-0.0074,-0.016324600280168362,-0.0040999999999999,-0.025998634643646684,-0.024
199609,-0.01703702444007816,-0.0139,-0.01742890033708064,-0.027,0.0014061158105993093,0.0123,-0.02257188242315719,-0.0222
199610,-0.042179118411426214,-0.0375999999999999,0.05288271664795651,0.0494,0.021236166210451865,0.0138,0.0336689254692799,0.0326
199611,-0.04071778971847709,-0.0382,0.02598444073889719,0.0139,0.014696362979084665,0.021,-0.008704756223081485,-0.0078
199612,0.024033658509926448,0.0326,0.009032667175752095,0.0132,0.009617847689058805,0.0038,0.014160047818335894,0.0147
199701,-0.013905653172273498,-0.0182,-0.00402751809946926,-0.0146,-0.004595971601622992,0.0121999999999999,0.005599886009555133,-0.0013
199702,-0.026805234937106473,-0.0256,0.0605554868448408,0.0569,0.013178462115072736,0.0065,0.02927438393357759,0.0348
199703,-0.006929700017389261,-0.0043,0.026493674874185517,0.034,0.022887266717322073,0.0045,0.018184741146517518,0.0171
199704,-0.0653659038841044,-0.0571,0.01718361877164205,0.0007,0.028195779445178683,0.0324,-0.003948049734102746,-0.0070999999999999
199705,0.044760399301180864,0.0475,-0.044099794296997744,-0.0412,-0.024599356587123936,-0.0102,-0.03964697686741164,-0.0295
199706,0.001160628493946693,0.0121,0.018921698662612424,0.0159,0.004437382623700081,0.0056,0.0053862522982246475,0.0063
199707,-0.02709084623542661,-0.0277,0.015221617561228175,0.0029,-0.009305047131388827,0.0007,-0.02649573217356882,-0.0255
199708,0.07860457189344056,0.0762999999999999,0.002485071485969362,0.012,-0.01490304758351958,-0.0109,8.012049981270808e-05,0.0009
199709,0.0289462617831159,0.0249,0.006235178969161287,0.0038,-0.02594648315858472,-0.0162,-0.009127932735188915,-0.0085
199710,-0.006396512914883537,-0.0055,0.013555362483578526,0.0225,0.013825502604184522,0.0104,0.01900440927103682,0.0187999999999999
199711,-0.05747152626298084,-0.051,0.007584587823315423,0.0118999999999999,0.03201184108427761,0.0281,0.016314299135115274,0.0167
199712,-0.022224756373570038,-0.0202,0.02543604521244136,0.0385999999999999,0.018011198776079186,0.008,0.02220225867348635,0.0199
199801,-0.012257843724731363,-0.0136,-0.016643079821610254,-0.0159,0.0038276230699385676,0.0087,-0.008326971067457965,-0.0084
199802,-0.0010409320454852211,0.002,0.0015624480539686847,-0.0085,-0.010525676208685594,-0.0034,-0.024488801720498582,-0.0232
199803,-0.010020091422572854,-0.0063,0.00476234586093164,0.0141,0.003973684554780796,-0.0029,-0.0032533018979690603,-0.0040999999999999
199804,0.0023694849708378405,-0.0005,0.012241732730146015,0.009,-0.012648245737456924,-0.0167,-0.002427744955485065,-0.0044
199805,-0.029706372720791647,-0.0292,0.023680027128714504,0.034,0.01968957750849952,0.0108,0.031194218056537704,0.0274
199806,-0.0431217673256008,-0.0366999999999999,-0.022941009304676702,-0.0196,0.019453510814002366,-0.0026,-0.013760375465564117,-0.0313
199807,-0.05902308650370218,-0.0527,-0.0019332446896772534,-0.0176,0.023030175697881287,0.0172,0.009444253698120728,0.0045
199808,-0.0533480315903698,-0.0516999999999999,-0.005261285699771467,0.036,0.0487525837760798,0.0344,0.05815107803838088,0.0588999999999999
199809,0.002721980579890551,-0.0077,-0.04680787035228421,-0.0337,-0.018767438373438555,-0.019,-0.020953443150365222,-0.0297
199810,-0.036487724323955,-0.0342,-0.009614709734893596,-0.0229,-0.004625327610732817,0.0093999999999999,-0.009563114963790989,0.0032
199811,0.0051033217702436615,0.0070999999999999,-0.02005812996321364,-0.0323,-0.008460477198986113,-0.0091,0.0016137417213366312,-0.0113999999999999
199812,-0.020221690025700637,-0.0157,-0.040653267324427825,-0.0418,-0.006294955424628844,-0.0076,-0.02652100664410785,-0.0341
199901,-0.0011796688568815467,-0.0073,-0.014466280144621993,-0.0462,-0.014769229644618933,-0.0279,-0.045867478319305155,-0.0678
199902,-0.04873418980493931,-0.052,0.016991685687275188,0.0187999999999999,-0.00485942363334628,-0.0116999999999999,0.036651273578990534,0.0406
199903,-0.04193261207268217,-0.0423,-0.00777322272446569,-0.0277,-0.0050852253126662805,-0.0409999999999999,-0.012779401887595597,-0.0141
199904,0.03897982751341595,0.0453,0.011361249655883907,0.0241,0.005134894645383761,-0.0255,0.007762008375898702,0.0093
199905,0.04870867569831073,0.0374,0.010559107372712564,0.023,-0.02080861137194484,0.01,0.012393687339292527,0.0332
199906,0.002372165045594496,0.023,-0.007069568909018296,-0.0327,0.0042257166160514364,0.0112,-0.016648796920817964,-0.0324
199907,0.02234419476182435,0.0256999999999999,-0.009523779577784792,-0.0042,0.006258825420841874,0.0038,0.032411781960682486,0.0319
199908,-0.024066891421049792,-0.0172,-0.006883303392015115,-0.0184,-0.00469687411556074,-0.0021,0.0033744297872410553,0.0063
199909,0.01788218476485645,0.0262,-0.025374595297640752,-0.0348,-0.008241346528865604,-0.0074,-0.006563895457286745,-0.0116999999999999
199910,-0.07863803828491411,-0.0689,-0.033619213551710464,-0.0337,-0.016150888147729768,-0.0172,-0.010089990813137172,-0.0121999999999999
199911,0.050198762714794704,0.0579999999999999,-0.04873198158828432,-0.0616,-0.06334822236141649,-0.0429,-0.01637191261112969,-0.0178
199912,0.02393111575237932,0.0533999999999999,-0.059123612854998106,-0.0832,-0.06928659841884678,-0.076,-0.03168010692448343,-0.0561
200001,0.04114323808224272,0.0445,-0.019053803293853665,-0.0189,-0.03788821106863533,-0.0629,0.03986461656260273,0.0474
200002,0.13333719025227872,0.1838,-0.05494025411278311,-0.0981,-0.13872371725076763,-0.1876,-0.010282041227896534,-0.0034999999999999
200003,-0.1114814302644601,-0.1539,0.05614708418114864,0.0823,0.05373605206276812,0.1182,-0.0022519599311260005,-0.0161
200004,-0.026497974941597134,-0.0496,0.0464892147483797,0.0725,0.06291368841384315,0.0767,0.04330871116912615,0.0562
200005,-0.03738168596281201,-0.0387,0.042333722346720754,0.0483,0.04172789544212525,0.0418,0.010356820021486194,0.0132
200006,0.049213305788254065,0.0987,-0.07733345687039891,-0.0841,-0.05412844373186536,-0.0825999999999999,-0.03090605752694228,-0.0291
200007,-0.006173013262586326,-0.0102,0.08289509705871848,0.0833,0.06583528619940547,0.0608999999999999,0.030491886587458956,0.0296
200008,-0.002968242164812604,-0.0101,-0.018030967564978906,-0.0137,-0.04135228239944663,-0.0301,-0.007041197227691448,0.0106
200009,0.00382010863551379,0.0026,0.06939332649327834,0.0717,0.04479199007226971,0.0289,0.06388752661504946,0.0556
200010,-0.03795970380761984,-0.0272,0.06126214025473575,0.0564,0.09595484192673082,0.0928,0.042440513901087745,0.0384
200011,-0.01000771744131937,-0.0058,0.1288450039721054,0.1234,0.15019111762419785,0.1338,0.09272795660376,0.0842
200012,0.0301665068906585,0.033,0.10935549647163581,0.076,0.050213232835058234,0.0243999999999999,0.05966008144454665,0.0479
200101,0.12810512667685572,0.0545,-0.11468174291178855,-0.0511,-0.15840014635914768,-0.0546,-0.10344758412386185,-0.0504999999999999
200102,0.04300878426567416,0.0279,0.14523928366613012,0.1248,0.12559166210472927,0.0911999999999999,0.10385630516498123,0.0906
200103,0.024772503078465014,0.0236,0.08536526580988617,0.0643,0.07755354302877632,0.0339,0.06615647992103821,0.039
200104,-0.02695467632028288,-0.0088,-0.06317908726025044,-0.0469,-0.0690477447253606,-0.0348,-0.04539963917213048,-0.0318
200105,0.05021348547953883,0.0359,0.033861054944349905,0.0336,0.006782592257972118,0.0025,0.027680670072632557,0.0191
200106,0.05830297946446851,0.0657,0.000989213387762795,-0.0113,0.016872511931101265,0.0127,-0.014956656666687043,-0.0151
200107,-0.03557769226031477,-0.0283,0.053583239174793705,0.0521,0.07940639135498877,0.0742,0.026727152376776135,0.0304
200108,0.02137153172430293,0.0271,0.026956900642518905,0.023,0.04972527432155155,0.0406,0.06762112102993494,0.0655999999999999
200109,-0.0630232814202495,-0.0573,0.019618070989015413,0.0146,0.0696787143529383,0.0503,0.03513862053798705,0.0322
200110,0.05703776611976724,0.0528,-0.08720595598310518,-0.0766,-0.07413739220799721,-0.0301,-0.05931617110438038,-0.0455
200111,0.01810152340607772,-0.0031,0.012687565864383132,0.0222,-0.0543580181765697,-0.0374,-0.024126732369474158,-0.0166
200112,0.05374086591796469,0.0516,0.006837480864872653,0.0085,-0.011893642870942932,0.0034999999999999,-0.008580370967907994,-0.0028
200201,0.0017705871382003927,0.0125,0.02425073116977219,0.0344,0.05250145728490435,0.0469,0.03458342125325294,0.0285
200202,-0.017732512158028638,-0.0036,0.01902867877181933,0.0216,0.09290948233384545,0.0806,0.054970658821153935,0.051
200203,0.042250539157344905,0.0424,0.007391944085913524,0.0107,-0.02172129785060653,-0.0178,-0.0019941608942205813,0.0059
200204,0.06160957402801766,0.0673,0.029008891944785335,0.0388,0.057212925624579275,0.0458999999999999,0.060011354391445094,0.0537
200205,-0.03846058617528771,-0.0302,0.004679997881898559,0.0153,0.037178491421635755,0.0235,0.029972388912630127,0.0242
200206,0.019226730884447298,0.0388,0.008170928218333179,-0.0003,0.06055854828081435,0.0393,0.03320583298467292,0.0250999999999999
200207,-0.0737467700608027,-0.0642,-0.02703723401572633,-0.0387,0.04304858727165736,0.0375999999999999,-0.008526762179859468,-0.0102
200208,-0.006916970501606338,-0.0132,0.019722711107523928,0.0331,0.00927296748426857,0.0134,-0.014866769626533946,-0.0141999999999999
200209,0.024373470261179586,0.031,0.007874653209978197,0.0144,0.03073079918752393,0.0326,-0.024321894912384137,-0.0222
200210,-0.03615714371034598,-0.043,-0.04122245231136848,-0.0395,-0.06029631899999271,-0.0336,0.005831228434861335,0.0078
200211,0.06012185523541744,0.0295,-0.02035893986573542,-0.0127,-0.11438689993332292,-0.0919,0.049920459208262186,0.0515
200212,-0.001199081796901369,0.0064,0.022578523303523015,0.0213,0.07650835425605937,0.0626999999999999,-0.01576124972145162,-0.0169
200301,0.0011292419536001116,0.0067,-0.0008105383835622995,-0.0073,-0.019398016381171897,-0.0103,0.004562729671245391,0.0076
200302,-0.015371809836756404,-0.0093,-0.009304248933306999,-0.0138,0.000547889791595816,0.0087,-0.005587604689567115,-0.0060999999999999
200303,0.00015936644043158636,0.0068,-0.03134543419967989,-0.0192999999999999,0.01832534361377219,0.0187,-0.006162087193323016,-0.0076
200304,0.020827206872018084,0.0105,0.021134513995237914,0.0116999999999999,-0.04692561700012654,-0.0467,0.008997406423006712,0.0108
200305,0.0660213900958031,0.0484999999999999,-0.007436520796592891,0.0053,-0.06023787935875785,-0.0702,0.022109318113538196,0.0302
200306,0.01744159019816825,0.0166,-0.0015842866890427819,0.0019,0.007305360369415485,0.0044,-0.00692709644050751,-0.0034
200307,0.04678460969266732,0.0458,-0.003262536718206907,-0.0118999999999999,-0.04646146434442944,-0.0423,0.016237209778466648,0.0185
200308,0.027500345869430738,0.0252,0.012670395409667488,0.0154,-0.02976464042620802,-0.0220999999999999,0.021012011658640476,0.0213
200309,0.0013437779343290698,0.0055,-0.0012807017469877672,0.001,0.01305668700476039,0.0106,0.004873773300866235,0.0034
200310,0.028150455307909543,0.0266999999999999,0.02585109615501492,0.0192,-0.021701518424692173,-0.013,0.013608011376437593,0.0148
200311,0.02342844577576994,0.0225,0.015423455319186454,0.0181,-0.0017639800881880559,0.0012,0.015534411868278475,0.0181
200312,-0.021883604140585107,-0.0253,0.005725812859429434,0.016,0.008896863749484181,0.0051,0.012087634576356532,0.0095
200401,0.027573583002566984,0.0243999999999999,0.03094839285178634,0.0246,-0.034458171161091726,-0.0366,0.03344919515758006,0.0339
200402,-0.00852074332450236,-0.0088,0.006430990642654889,0.0087,0.02353020129638166,0.0215,-0.009842399252962665,-0.0121999999999999
200403,0.019992361969955783,0.0212,0.005888257797121115,0.0023,0.017211062635664614,0.0161,-0.008248779819141936,-0.0098999999999999
200404,-0.025234612344100755,-0.0207,-0.03132354169060729,-0.0302,0.039142040765751535,0.0342,-0.027252744447601097,-0.0276
200405,-0.003871106134744685,-0.0042,-0.0028205436655609315,-0.0023,-0.016543363438855818,-0.0115,0.002060451891879889,0.0
200406,0.02408702270032313,0.0256999999999999,0.0072818706774522846,0.0123,0.012184333393990075,0.0118999999999999,-0.0019127332955916967,-0.0038
200407,-0.03333066314400634,-0.0295,0.025266649360239868,0.0322,0.05995864065080512,0.0530999999999999,-0.017940500476260904,-0.0166
200408,-0.013381763796493591,-0.0115,0.009624215638738158,0.01,0.015365839189257819,0.0124,-0.014238643078585718,-0.0144
200409,0.03538417471119269,0.0327,-0.0031121902435150214,-0.0002,-0.014073858837616353,-0.0144,-0.017592276522584667,-0.0189
200410,0.005619231900698636,0.0019,-0.01408428689251191,-0.0025,-0.00839904921503979,-0.0049,0.004356695180271125,0.0049
200411,0.04587903003810472,0.0411,0.00921584179043089,0.0144999999999999,-0.0034468584450695616,-0.0059,-0.0015778166102489305,-0.0021
200412,0.003090345046879474,-0.0005,-0.0020445234990951675,-0.0021,-0.011869632259285182,-0.0116999999999999,0.005455519811995754,0.0046
200501,-0.015668084622059292,-0.0118,0.01652792438484539,0.0207,0.030410567459027392,0.0272,-0.01477446228823738,-0.0146
200502,-0.0065059808936337084,-0.003,0.004077086389223845,0.0154,0.02193788408369889,0.0141999999999999,-0.002001535597854015,-0.0005
200503,-0.012358516708090284,-0.0141999999999999,0.01121592606336785,0.0204999999999999,0.005895574844479234,0.0045,0.010487849092524374,0.0129
200504,-0.04406768205146201,-0.0398,0.0003666953734043493,0.0005,0.011176234377117698,0.0093999999999999,-0.007151985500815826,-0.0095
200505,0.02609812274406937,0.0279,-0.001643031633192571,-0.0059,-0.019528193851580028,-0.0095,0.0026483433978939305,0.0029
200506,0.03344991808049972,0.0327999999999999,0.025152230301327436,0.0281,0.008514850232541154,0.0096,-0.005658804193150874,-0.0052
200507,0.0277323468750178,0.0279,-0.004026817042909803,-0.0078,-0.013088656025447329,-0.0123,-0.00832113795500422,-0.0081
200508,-0.007108937077629527,-0.009,0.009033747296333274,0.0134,-0.020307434426144,-0.0210999999999999,0.002377992993536365,0.0036
200509,-0.003586413768983499,-0.0036,0.004394885002180332,0.0069,0.003808809186655285,0.0027,-0.005018279300408792,-0.006
200510,-0.01701376595056355,-0.0143,0.012848104052859494,0.0040999999999999,-0.014746855595564896,-0.0093999999999999,-0.014611360220844131,-0.0129
200511,0.008109577976814691,0.0084,-0.004094376903420585,-0.012,-0.013201962386431218,-0.0074,-0.012246862081929044,-0.0113999999999999
200512,-0.0017511089235079957,-0.002,-0.003264690052887941,0.0022,0.007520281755618774,0.0021,0.0024309064917216465,0.0023
200601,0.05602427660141797,0.0576999999999999,0.0020923350044486366,0.0109,-0.005430405308823938,-0.0066,-0.0021654151142623534,-0.0043
200602,-0.005148218650448958,-0.0043,0.0009743309542554553,-0.0037,-0.005220845370794345,-0.005,0.015731565175383353,0.019
200603,0.029640405142421146,0.034,0.0013864966749351018,0.0055,0.003862217936137183,0.001,-0.0040808184804522855,-0.004
200604,-0.009335410859460594,-0.0085,0.022629259873532558,0.0233999999999999,0.022998043120365904,0.0179,0.0021130694567043536,-0.0001
200605,-0.024634396167396263,-0.0286,0.01789875241136231,0.0239,0.013806775687679136,0.0115,0.01909945361695589,0.0146
200606,-0.004959664738047785,-0.0022,0.0029133600798167906,0.008,0.013806487562306617,0.0133,0.0019625935871873724,-0.0008
200607,-0.037423742712446945,-0.0364,0.023563849287953104,0.0262,0.027674326942369123,0.0163999999999999,0.009944661046889333,0.009
200608,0.005606176638282168,0.0042,-0.01408585934908958,-0.0204,-0.024166303538011254,-0.019,0.020667494001973475,0.0215
200609,-0.013428103732070975,-0.0143,0.004373420419559543,0.0006,-0.0031399713887356167,0.0086,0.002350051092783613,0.0056999999999999
200610,0.02073180284499814,0.0195,-0.010612765327550205,-0.0026,0.00666546126918327,-0.0016,0.0019820593758411303,0.0028
200611,0.006025111945660643,0.0073,-0.0010466714061685561,0.0011,0.0075456927235372576,0.0018,-0.009305236836479276,-0.0083
200612,-0.005836618233001419,-0.008,0.021714756741005,0.0271,-0.00795653044375613,-0.0070999999999999,0.02038596005397924,0.0204999999999999
200701,-0.0031086329236450147,0.0009,-0.01215254587996972,-0.0069999999999999,0.002108783788111801,0.0027,0.002188356338676402,0.0036
200702,0.013002254354932194,0.0128,5.071861499943153e-06,-0.0012,-0.009149943240892567,-0.005,-0.004905292199855971,-0.0072
200703,-0.0029568164555468165,0.0018,-0.012489111483602915,-0.0093999999999999,0.0036044666322633968,0.0060999999999999,-0.00353827729468356,-0.0066
200704,-0.024268410995683356,-0.0206,-0.017469059230818155,-0.0143,0.014360657915492018,0.011,0.007729724271406148,0.0105
200705,0.0013031139630459015,0.0038,-0.006312664814497437,-0.0062,0.010929904275913314,0.0155,-0.009912804652933496,-0.0136
200706,0.005012663073854385,0.0075,-0.010383069080192979,-0.0107,-0.00031727155589188726,0.0053,0.0012986317045026452,0.0008
200707,-0.0323593954872619,-0.0298,-0.03713433815601385,-0.0373,0.0016688874422815941,0.0019,-0.011120800695987067,-0.0111
200708,-0.0016334701981867254,-0.0038,-0.007441388387814278,-0.0189,-0.016914095748557748,-0.0123,-0.004319723648785049,-0.0054
200709,-0.027043882283271377,-0.0242,-0.025590062088191864,-0.0223,-0.0011325662718426228,-0.0056,-0.02718952080207317,-0.0302
200710,-0.0017467752805721722,-0.0004,-0.04288582368483062,-0.0311,0.002251248703737961,-0.0031,0.002460200052969208,-0.0012
200711,-0.030684391403808582,-0.0302,-0.018594562062663092,-0.0093999999999999,0.023824957296401668,0.0187999999999999,-0.0029164443687868247,-0.0027
200712,0.005489392821061321,0.0018,-0.013310307301981593,-0.0052,0.013404610704982327,0.0081999999999999,-0.006819752534032244,-0.0106
200801,-0.0032847815023672247,-0.0060999999999999,0.051037642810214265,0.0401,0.0119661066049681,0.0220999999999999,0.013287623844933663,0.0213
200802,-0.0035400846358871474,-0.0064,-0.027876006624418925,-0.0084,0.014315073094620448,0.0083,-0.006285777119527575,-0.0093
200803,0.008484299482796347,0.0060999999999999,-0.008287117656300233,0.0034999999999999,0.004684070942274538,0.008,0.0026086831163914977,0.0051
200804,-0.018499706556502397,-0.0118999999999999,-0.0106890823308819,-0.0109,0.017486588752727232,0.0168,-0.020607500616407468,-0.0246
200805,0.026400740670994082,0.0302,-0.035780643526558166,-0.0153,0.009507575865320285,0.0091,0.00905928563472335,-0.0006
200806,0.00281060223704091,0.0118999999999999,-0.05971870520890926,-0.027,0.04031527155640263,0.0494,0.0001722991757132225,-0.0056
200807,0.04356532157428154,0.037,0.05094165298886579,0.0527,-0.03389704872472785,-0.0135,0.010978309658291899,0.0103
200808,0.028833091484947372,0.034,0.008960330661157347,0.0148,0.018767661995084818,0.0187999999999999,0.01025148689722901,0.0085
200809,0.012117893282721476,0.0025,0.035922278965776544,0.059,0.03562141725786638,0.0241,0.01929398502309848,0.018
200810,-0.04502677699621549,-0.0327999999999999,-0.0095955802567608,-0.0222,0.014801559399393233,0.0299,0.023029083540512807,0.0204
200811,-0.05790712181697194,-0.0392,-0.05300374635598315,-0.063,0.0489104026896687,0.0452,0.022359094429583184,0.0274
200812,0.03908659843048913,0.0331,0.010273657166150744,0.0007,-0.006333377862790139,0.0013,-0.010733995992313408,-0.0151
200901,-0.016870361665688824,-0.0208,-0.11199432514115457,-0.1110999999999999,0.010537431256912838,0.0011,-0.019569583644997016,-0.0118999999999999
200902,-0.01573883053352032,-0.013,-0.09771542646480777,-0.0691,0.021387050560736087,0.0111,-0.004052494157030684,-0.0105
200903,0.014550085316802741,0.0066,0.11224943636435034,0.0334,-0.09514217294154483,-0.0252,-0.0270119830464422,-0.0219
200904,0.10528216046521591,0.0704,0.07502466442637082,0.0526,-0.00907605449249832,0.0128,0.022432070667522674,0.0011
200905,-0.0016597221077351842,-0.0231,0.019313173640860395,0.0037,-0.003639346967068996,-0.0074,-0.02714097264417313,-0.022
200906,0.030100117337351136,0.0231,-0.04906651639942151,-0.0272,-0.00154165049496819,-0.0134,-0.0029548458093954146,-0.0031
200907,0.026699393859185433,0.024,0.05357810704953857,0.0484,0.0027643863775884403,-0.0036,0.03247667870212774,0.0315
200908,0.009281074668823316,-0.0008,0.08439549578632856,0.0762999999999999,-0.025181829734573453,-0.0292,0.030464430763175288,0.033
200909,0.026010156047705443,0.0272,0.009270275649443473,0.0104,0.010876769998914668,0.0125,0.002431686636769473,0.0034999999999999
200910,-0.05239123995469607,-0.0492,-0.04178698052040383,-0.042,0.03868177489167938,0.0417,-0.01132926374364187,-0.0146
200911,-0.03603643348229846,-0.0268,-0.0034855325707085077,-0.0033,0.01250347542749397,0.0098,-0.0029076887928405695,0.0011
200912,0.05614852502558706,0.0624,-0.006820173255705879,-0.0017,0.006784301191197918,0.0105,-0.006230745307679662,-0.001
201001,0.006888800485235314,0.0034999999999999,0.01011344836473798,0.0043,-0.017798118431847317,-0.0123,0.0037515966232615355,0.0044
201002,0.01315564302290733,0.0151,0.03123888389803623,0.0322,0.0010704581297213897,-0.0028,0.008760832321806342,0.0139999999999999
201003,0.022541026891451675,0.0185,0.023040660099641515,0.0220999999999999,-0.005254617673881676,-0.0063,0.017672334129572198,0.0167
201004,0.05012781799905941,0.0498,0.02294581574206136,0.0289,0.013078102840643854,0.0069999999999999,0.01226957778760001,0.0174
201005,0.00043287810856112996,0.0004,-0.0179124439747594,-0.0243999999999999,0.006156460750243092,0.0127,0.002131637740605208,-0.0023
201006,-0.025233775648516123,-0.0247,-0.046107929209141085,-0.047,-0.0007356616328782484,-0.0018,-0.008874619519580795,-0.0155
201007,0.0009499693748027671,0.0016,-0.0032269788146775252,-0.003,-0.006114246226483988,0.0026,0.019545655081184346,0.0199
201008,-0.03141823321928948,-0.0311,-0.029187731726805374,-0.0196,0.014566652931006452,0.0058,-0.016764532097121282,-0.0166
201009,0.03595120338069875,0.0375999999999999,-0.027083135014818252,-0.0317,-0.009334737829078787,-0.0019,0.004667429363555062,0.0037
201010,0.0031541983865289863,0.0086,-0.026727993191546808,-0.0249,0.00940366653777517,0.0127,-0.004197224326554887,-0.0031
201011,0.03150157236247348,0.0366,-0.007102950506131977,-0.0088,-0.0011892556980993424,0.004,0.014188944898748015,0.0151
201012,0.01771385291519796,0.0098,0.03919252408995712,0.0378,-0.044548504785760376,-0.0353,0.033266454805960646,0.0316
201101,-0.024171424623820794,-0.0237,0.005418901332821996,0.0077,-0.009848002019379352,-0.0065,0.010623484547016776,0.0083
201102,0.013700740882204597,0.0161,0.007088432975801209,0.0124,-0.015460816067595529,-0.0192999999999999,0.008080799128254754,0.0087
201103,0.021005927178810738,0.0264,-0.0206982681137045,-0.0187999999999999,0.014088458293602793,0.0179,0.0022705472017724316,0.0
201104,-0.008910562635265656,-0.005,-0.03381217467366331,-0.0248,0.013692702058170133,0.0108,-0.004819815266830833,-0.0085
201105,-0.008412272720556717,-0.0070999999999999,-0.01870810249112622,-0.02,0.017195461180383224,0.0187999999999999,-0.009448134531348578,-0.0146
201106,-0.004106870110366666,0.0013,-0.007802224291882862,-0.0038,0.024756237861280193,0.0243999999999999,-0.01143219225599272,-0.0148
201107,-0.017516411764857905,-0.0121999999999999,-0.014403230307344826,-0.0091,0.031446010881339664,0.0273,-0.01651625327046554,-0.0178
201108,-0.0356592443809205,-0.0322,-0.03317346694376651,-0.024,0.041886483053323445,0.033,-0.0005361300305918026,-0.0031
201109,-0.038290902397497675,-0.0366999999999999,-0.02219492855734291,-0.0175,0.029550820392402213,0.0203,0.0012920353497631876,0.0021
201110,0.038574899849375996,0.0348,0.007101835896495545,0.0012,-0.020410005438106033,-0.0214,-0.009859000173668225,-0.0087
201111,-0.00970083119856101,-0.0028,-0.014865561979086181,-0.0046,0.03489046384321463,0.0183,0.014570012136212711,0.0151
201112,-0.0025090829790103244,-0.0033,0.0162521942383938,0.0161,0.014103016259519782,0.0101,0.025892678258352515,0.0249
201201,0.021331901464660366,0.0207,8.952820017292529e-05,-0.0093999999999999,-0.03897123403106437,-0.0200999999999999,-0.016029055558865316,-0.0146
201202,-0.015441794494352838,-0.0171,0.01107518775664084,0.0043,-0.01011685346334626,-0.0046999999999999,0.0014587066865102763,-0.0004
201203,-0.004660146984641109,-0.0049,0.028130411931574482,0.0112,-0.022652757265612992,-0.0055,0.00927879331769299,0.0069
201204,-0.01066071616804376,-0.0054,-0.014646048598132861,-0.0077,0.018106921434880227,0.0131,0.005422140025374578,0.0069
201205,-0.0010419857917530334,-0.001,-0.013371123930723136,-0.0106,0.02716230613022498,0.021,0.024910338499036844,0.0233999999999999
201206,0.011041227989353863,0.0081,-0.002449955008284488,0.0059,-0.0013544904725897589,-0.0107,0.002961701578606958,0.0044
201207,-0.0285986819660274,-0.0276,-0.0043892500350884295,-0.0012,0.01428345114052975,0.0113,0.0012920876820645237,0.0003
201208,0.009388505769820227,0.0045,0.016155677570184095,0.013,-0.017918158948689825,-0.0133,-0.008568205744273243,-0.0088
201209,0.011334339645789521,0.0064,0.013687584264326102,0.0158,-0.007427222358431903,-0.0151,0.016531728053180168,0.0151
201210,-0.003921936567357419,-0.0091,0.03839914393368836,0.0356,-0.007103942542618102,-0.0134,0.020284282356906047,0.0255
201211,0.00243183715082302,0.0044,-0.009996102753581787,-0.0083,-0.007076926737378163,0.0065,0.009428719400747179,0.0086
201212,0.024596049298968626,0.0192,0.03740088757547005,0.0353,-0.01749137545802458,-0.0186,0.0056344727487131,0.0086
201301,0.0076320040341533515,0.0046,0.015417085082474712,0.0095,-0.019090167184794615,-0.0192999999999999,0.01804916937972109,0.0143
201302,-0.004753872987206588,-0.0029,-0.0003992088114088306,0.001,-0.005258683091280452,-0.0066,0.0057681313552626155,0.0056999999999999
201303,0.004127696607933946,0.0087,0.002328235279185402,-0.0023,0.0027465192992803464,0.0013,0.011683695111966007,0.0137
201304,-0.022073734817887984,-0.0224,0.005292902849005753,0.005,0.00887562430609069,0.0027,0.0035769957614762054,0.0039
201305,0.02808120337106713,0.0208,0.02730754283136949,0.0266999999999999,-0.024289941338291206,-0.0199,-0.00722189894251634,-0.0093
201306,0.011360660955632089,0.0156,0.003774800009060421,0.0005,-0.00223547396164849,-0.0039,0.007861603502819966,0.0001
201307,0.019864428296623646,0.0181,0.008108751896181654,0.0056999999999999,-0.012119230838012127,-0.0135,0.005209256695594425,0.0053
201308,-0.0004281939210209161,-0.0007,-0.02682951736690242,-0.0268,0.0017318781006947365,0.0067,-0.02079562316689298,-0.0216
201309,0.026825437974991456,0.0265,-0.007796248942166378,-0.0123,-0.012160437390482656,-0.0056,-0.013491811446597925,-0.0139999999999999
201310,-0.01868418260653498,-0.015,0.010957584537427009,0.0126,0.028030773022385894,0.0276,0.008338904158765415,0.0092
201311,0.015114019719335271,0.0139999999999999,0.010812462928660872,0.0028,-0.0049023165851931685,0.0016,0.0010594700814424915,0.0004
201312,-0.0035246968605170993,-0.0044,-0.0010315992709933816,-0.0001,-0.010034940070901392,-0.0046,0.0006420765653367272,0.0008
201401,0.007708823668898548,0.0059,-0.020505470043654966,-0.0202,-0.023577563165647266,-0.0388,-0.013011053154073055,-0.0143
201402,-0.0016464802769796671,0.0016,-0.0026504787814178865,-0.0031,-0.009952549184077827,-0.0023,-0.005761875253689527,-0.0048
201403,-0.011411471688997258,-0.0113,0.037862446458672205,0.0492,0.01854404544509602,0.0210999999999999,0.013657865655526402,0.0197999999999999
201404,-0.03934733591573459,-0.0412999999999999,0.0002788930759620202,0.0113999999999999,0.034140236627483826,0.0345,0.009405670164326353,0.0103
201405,-0.015356824299277518,-0.0189,0.00041473183928713263,-0.0013,-0.0027775227875658287,0.0005,-0.011191602920576848,-0.0101
201406,0.029792849539739617,0.031,-0.001217848232061225,-0.0069,-0.015000979597152284,-0.0187999999999999,-0.017806179116302064,-0.0199
201407,-0.04224857248140673,-0.0428,0.0003372335132028406,0.0002,0.007641543910436047,0.0089,0.002716968638563022,0.0049
201408,0.0033130401396749623,0.003,-0.006948210830611493,-0.0043,-0.005352521258807613,-0.0062,-0.008126684808140494,-0.0068
201409,-0.03752832228119156,-0.0373,-0.013875318662426646,-0.0135,0.007031967703899376,0.0131,-0.005740341894693031,-0.005
201410,0.03432179842890545,0.0375,-0.027812159703261487,-0.0183,-0.002597764955689842,-0.0048,-0.004542220568285953,-0.0012
201411,-0.028374230753991384,-0.0226,-0.027811843044036333,-0.0308999999999999,0.005365560413573613,0.0154,0.002083539761221609,0.0025
201412,0.025737384205009605,0.0287,0.018157446442726127,0.0227,-0.010709587504758509,-0.0121999999999999,0.0065158817921342205,0.0095
201501,-0.01705548858641344,-0.009,-0.043456882825311474,-0.0361,0.00786061666833076,0.0163999999999999,-0.01829592808067504,-0.0168
201502,0.00948339192594233,0.003,0.002447154391530787,-0.0186,-0.022250557829182907,-0.0112,-0.014394883310446208,-0.0179
201503,0.026452784105199068,0.031,-0.00431825813075091,-0.0040999999999999,0.0013537489802921427,0.0015,-0.007107593307516913,-0.0054
201504,-0.022425550135683543,-0.0306999999999999,0.017249821791349935,0.0183,-0.005083515995040847,0.0001,-0.0016455910703145702,-0.0064
201505,0.0019102552690269028,0.0081999999999999,-0.004298922325979685,-0.0112,-0.026472443600792105,-0.0177,-0.00414317503690075,-0.0072
201506,0.027162529855980107,0.0289,-0.003514346263830812,-0.0078,-0.007015216026465538,0.0043,-0.01747338332392631,-0.0156
201507,-0.045822721877233,-0.0458,-0.041952562825200115,-0.0407,-0.004194674446633546,0.0034,-0.024195038021394027,-0.0247
201508,0.004002801476841476,0.0027,0.025083629188052264,0.0279999999999999,0.011495411680846168,0.0064,0.011178805491263967,0.0127
201509,-0.03481647709867153,-0.0278,0.0017556510771743403,0.0058,0.02308014474304962,0.0183,-0.0026943636856087833,-0.0056999999999999
201510,-0.0156602953725804,-0.0206,-0.004016359785130097,-0.0045,0.005094763815470388,0.0086,0.007061189088320249,0.0053
201511,0.03973895453507045,0.0331,-0.004346640509850168,-0.0038,-0.03184051948097459,-0.0272,-0.011585039598545326,-0.0102
201512,-0.03227453465987046,-0.0297,-0.03053991786338378,-0.0259,0.0010183216879405682,0.0046999999999999,0.00276091583527429,0.0002
201601,-0.0423784871281846,-0.0342,0.0057928637047786335,0.0207,0.04657272455132072,0.0281,0.033909402013949916,0.0308999999999999
201602,0.0038210696116791855,0.0093,-0.018799445673640024,-0.0056999999999999,0.038008052769155094,0.0332,0.016678459615304654,0.0196
201603,0.019140750248071034,0.0101,0.020837416956560217,0.011,0.02108708287740166,0.0073,0.0017152863194901946,-0.0002
201604,0.022323766253577265,0.0115,0.0427900076736696,0.0321,-0.028012478496295568,-0.0292,0.01682167748163076,0.0189
201605,-0.008812383647732638,-0.0064,-0.011028266512787875,-0.0165,-0.015255652524144575,-0.0109,-0.024831627875496757,-0.0249
201606,-0.0005246929727090698,0.0043,-0.024438923487621948,-0.0144999999999999,0.02215042265833047,0.0146,0.018389595065704097,0.0194
201607,0.02359094756224661,0.0249,-0.009540247784668832,-0.0129,0.0033765842671240193,0.0125,-0.010701438512537922,-0.0116999999999999
201608,0.019602491386777342,0.0169,0.03877263993510281,0.0311,-0.026283597783682725,-0.0189,-0.0011721285000036042,-0.0034
201609,0.01925430658452953,0.0187,-0.009828366467982923,-0.0121,-0.021751413391311182,-0.0223,0.0005628090607837487,0.0002
201610,-0.035570977595532544,-0.0405,0.03832030391438707,0.0412,0.013439411992670423,0.0096,0.0016713686498235,0.0023
201611,0.0722097299371981,0.0703,0.09243269421577112,0.0821,-0.013109377377776316,-0.0017,0.036024128655436756,0.037
201612,0.004979659594590187,0.004,0.036534480018429225,0.036,0.014327118819092268,0.0124,-0.003365238056207226,-0.0023
201701,-0.014356217906905822,-0.0141999999999999,-0.02870782779857266,-0.0274,-0.007199806074861358,-0.005,-0.012962493401031689,-0.0098
201702,-0.02435955755102119,-0.0223,-0.015904853152618303,-0.0167,0.0021263726710295146,0.0043,-0.017330410609854584,-0.0184
201703,0.0016151771359986843,0.0074,-0.02983745617018094,-0.0333,-0.0016179913081328995,0.0063,-0.009590028072545501,-0.0093999999999999
201704,-0.0019867842299424333,0.0046999999999999,-0.021237763794491576,-0.0213,0.021499056033888443,0.0192,-0.01589706908459255,-0.0162
201705,-0.0364722539594006,-0.0302999999999999,-0.034565758653218155,-0.0375,0.01541439979804874,0.0095,-0.0178414393162069,-0.018
201706,0.02904139047376751,0.0256999999999999,0.01903352864902243,0.0149,-0.024087390917168796,-0.0226,-0.005130418692100184,0.0
201707,-0.01361117127300314,-0.0162,-0.0008213701493964935,-0.0022,-0.010243464610281462,-0.0059,-0.0014322017353443663,-0.0015
201708,-0.01937181029329132,-0.0182,-0.030283810847622376,-0.0207,0.004604782087383488,0.0012,-0.02087830796183883,-0.0235
201709,0.052264997891845036,0.0474,0.04472362599550899,0.0308999999999999,-0.02388808383193041,-0.015,0.013926549135307852,0.0163
201710,-0.022562507208481252,-0.0195,0.00023640367490622427,0.0022,0.0025830876408928696,0.0085,-0.03427173230667155,-0.0323
201711,-0.0034372556956460236,-0.0034999999999999,-0.005318788733813844,-0.0005,0.04001009306975871,0.0317,-0.004742864245113221,-0.001
201712,-0.010897222873853427,-0.0107,0.0029568381103750865,0.0003,0.002938530162334172,0.0075,0.014268259904449751,0.0166
201801,-0.029071032455062228,-0.0325,-0.013559001933113907,-0.0136,-0.01579052604056677,-0.0072,-0.010995960034668698,-0.0101
201802,0.002090953002129421,0.0032,-0.006736283374856659,-0.0103,0.005488785032479751,0.0056,-0.017064991842345282,-0.0232
201803,0.035361394244001615,0.0359,-0.009157064320651508,-0.0023,-0.002877780726885982,-0.0048,0.002458282759273754,0.0
201804,0.013007492135741263,0.0091,0.003505715283270514,0.0048,-0.03148434700660697,-0.0241,0.013459268005227197,0.0126
201805,0.041232623111385897,0.0479,-0.025779740457725527,-0.0313,-0.020197938450515863,-0.0204999999999999,-0.017793126697028656,-0.0148
201806,0.002913935509814598,0.0081,-0.021645597408124394,-0.0233,0.011894067069411568,0.0081999999999999,-0.001765040334304059,0.0021
201807,-0.01908764701597579,-0.0195,0.007578802142143546,0.0045,0.020126637209847798,0.0153,0.004098319576647792,0.0036
201808,0.003339075108395137,0.0063,-0.03814462501206598,-0.0398,-0.011209045842473085,-0.0029,-0.02435808165755605,-0.0264
201809,-0.026293239933182628,-0.025,-0.019847124501504575,-0.017,0.012140142897641346,0.0067,0.015754114457913568,0.0128
201810,-0.04051391446849767,-0.045,0.03719213650092777,0.0343,0.013169967243696484,0.01,0.03270220070373686,0.0354
201811,-0.006445987120182248,-0.0076,-0.0024529503372164654,0.0026,-0.00416647295036267,-0.0062,0.0015724327553680306,0.004
201812,-0.033296063425761385,-0.0291,-0.020830111281019983,-0.019,3.35040694461608e-05,-0.0003,0.0021014898630540707,0.002
201901,0.03184960936234173,0.0301,-0.0019707375300171415,-0.0044,-0.011748883891539386,-0.0078,-0.01888898999653693,-0.0153
201902,0.016610826338079025,0.0173,-0.019897115094790842,-0.0268,-0.004475095616594246,0.0021,-0.011295372034303669,-0.0161
201903,-0.04148491522523486,-0.0346,-0.049340976864309286,-0.0405,0.010425543780572817,0.0078,-0.007696338756541214,-0.0098999999999999
201904,-0.013000011795997236,-0.0116999999999999,0.026545387010203425,0.0217,0.010549981381798884,0.0166,-0.02284875091433604,-0.0224
201905,-0.01894245123432063,-0.0159,-0.02226839682244594,-0.0237,-0.007514360105787585,-0.005,0.012779144136884663,0.0174
201906,-0.0009015309811060412,0.0032,-0.007540669199270128,-0.0070999999999999,0.012876477395358521,0.0088,-0.0035553464794553513,-0.0048
201907,-0.01916188272642034,-0.0178,0.007235164523570179,0.0042,-0.004453147524074181,-0.0007,0.0037993941297887503,0.0037
201908,-0.03737494885483844,-0.0321,-0.054271961729530124,-0.0495,0.0060237581227595635,0.0055,-0.008890334722235292,-0.0069
201909,0.011672780922368235,0.0027,0.0658343444110868,0.0683,0.019323749757150777,0.0184,0.035814299180983826,0.0336
201910,-0.000707103702508094,0.0026,-0.02502957321718255,-0.0192999999999999,-0.000944485786220136,0.0044,-0.010242115224463,-0.0096
201911,0.006680078850289303,0.0045,-0.016944975532872095,-0.0202,-0.017341801442062127,-0.0159,-0.01589996068696918,-0.0125
201912,0.01587746990487685,0.0097,0.02240198264798257,0.0179,0.013399912570179112,0.0,0.00819167156565203,0.0121999999999999
202001,-0.04446837919049194,-0.0438,-0.06911236014415947,-0.0624,-0.015784208478490505,-0.0118,-0.023516980136859364,-0.0232
202002,-0.005188061454802356,0.0002,-0.03862493990823984,-0.0379,-0.013653309298139765,-0.0147,-0.02392473997020514,-0.0250999999999999
202003,-0.09581416315212352,-0.0832,-0.15449076884219207,-0.1402,-0.008943129483675677,-0.0151,0.013642591201750959,0.0126
202004,0.054229799366500325,0.0258,0.029885912233561435,-0.0118,0.03424287897819403,0.027,-0.01563759634764325,-0.0101
202005,0.013695750235998269,0.0197,-0.061994815464491856,-0.048,0.0043828619712548145,0.0096,-0.032582140549548846,-0.0325
202006,0.0266374359616524,0.0196,-0.009796858756463363,-0.0204,-0.005883432172818462,0.0009,-0.008115091077857281,0.0053
202007,-0.03403154751380537,-0.0315,-0.02869413519903526,-0.0146,0.0010489641923882922,0.0039,0.006701934006940753,0.0089
202008,-0.014070868327572456,-0.0087,-0.029019614746688432,-0.0293,0.03347457985426222,0.0426999999999999,-0.011982663388098239,-0.013
202009,-0.0028458636097638337,-0.0007,-0.0269756497262557,-0.0266,-0.017887549452513963,-0.0129,-0.01774656658936788,-0.0177
202010,0.05059668781098955,0.0467,0.044407714912199275,0.0419,-0.01476825541024277,-0.0093,-0.010122069970470982,-0.0073
202011,0.08468436498920767,0.0706,0.04158036992341321,0.0199,-0.0032109168594302295,-0.0217,0.01962255497957785,0.0132
202012,0.05140143814974284,0.0475,-0.0030230709899455727,-0.0156,-0.005268935612461265,-0.0191,-0.003992907113836944,-0.0015
202101,0.07071990631003809,0.0683,0.02498553672272683,0.0294,-0.029235112509461585,-0.0365,0.03828738360959296,0.0479
202102,0.0641841199172514,0.0446,0.08559711940493694,0.072,0.014828272877382156,0.0040999999999999,-0.00024291654798160728,-0.0192999999999999
202103,-0.015298987701768255,-0.0087,0.06048468930009562,0.0732,0.05824358707294659,0.063,0.028374410730471436,0.0348
202104,-0.035409980098720734,-0.031,-0.012076060183513152,-0.0098999999999999,0.018639150519617384,0.0236,-0.026390637581727754,-0.0277
202105,0.01299808737255961,0.0124,0.06164378314504246,0.0703,0.02661945618681259,0.0237999999999999,0.026096606209516246,0.0306
202106,-0.0152041069474365,-0.0029,-0.07033327504675417,-0.0781,-0.02132573526940375,-0.021,-0.01467412199358396,-0.0097
202107,-0.059216642811882984,-0.0455999999999999,-0.018470476481049332,-0.0175,0.058262031960346905,0.0537,-0.0042844267424368265,-0.0055
202108,-0.00762516132102636,-0.0079,-0.00016524632718546706,-0.0013,-0.002693115349926563,-0.0026,-0.018103787250826297,-0.0167
202109,0.015531958299937577,0.0125,0.050472834292257344,0.0509,-0.01186210022977753,-0.0194,0.024931996304868958,0.0208
202110,-0.03450589074787987,-0.0269,-0.0021497521131922034,-0.0044,0.024647290056789176,0.0174,-0.014870131637753366,-0.0148
202111,-0.024729392492982755,-0.0174,0.0008519312659892725,-0.0053,0.07320126353042299,0.0738,0.013660553860821545,0.016
202112,-0.018940955809916248,-0.0068,0.029447684986894374,0.0322,0.06302839409763478,0.0475,0.04168016307382293,0.0438
